date,start_time,end_time,activity,category
2025-09-21,17:30,18:43,Gardening,Productive
2025-09-25,07:30,08:38,Journaling,Productive
2025-09-25,21:30,22:35,Puzzles,Leisure
2025-09-21,18:15,18:49,Breakfast,Leisure
2025-09-21,14:45,15:43,YouTube,Leisure
2025-09-25,20:30,21:10,YouTube,Leisure
2025-09-20,10:00,11:13,Gardening,Productive
2025-09-22,19:30,20:46,Walk,Leisure
2025-09-25,15:15,16:27,Draw,Leisure
2025-09-24,10:15,11:21,Instagram,Leisure
2025-09-24,09:30,10:25,Meeting,Productive
2025-09-20,10:30,11:01,Reading,Productive
2025-09-22,06:00,06:37,Meeting,Productive
2025-09-20,09:30,10:38,Breakfast,Leisure
2025-09-24,10:00,11:05,Lunch,Leisure
2025-09-21,06:00,06:41,Netflix,Leisure
2025-09-25,06:45,08:15,Gardening,Productive
2025-09-24,13:45,14:31,Emails,Productive
2025-09-23,20:15,21:32,Reading,Productive
2025-09-21,14:45,15:29,YouTube,Leisure
2025-09-25,07:30,08:22,Draw,Leisure
2025-09-22,08:00,09:28,YouTube,Leisure
2025-09-24,12:15,13:28,Puzzles,Leisure
2025-09-24,17:45,18:25,Lunch,Leisure
2025-09-24,09:15,10:41,Dinner,Leisure
2025-09-25,13:45,15:02,Instagram,Leisure
2025-09-22,10:15,11:13,Writing,Productive
2025-09-24,07:45,08:31,Lunch,Leisure
2025-09-23,08:30,09:38,Draw,Leisure
2025-09-22,13:15,13:55,Draw,Leisure
2025-09-21,13:45,14:28,Gardening,Productive
2025-09-20,07:15,07:57,Breakfast,Leisure
2025-09-24,13:45,15:15,Netflix,Leisure
2025-09-25,11:45,12:54,YouTube,Leisure
2025-09-20,13:30,14:55,Walk,Leisure
2025-09-25,06:15,07:05,Draw,Leisure
2025-09-20,19:00,20:09,Learning,Productive
2025-09-20,16:45,17:46,Reading,Productive
2025-09-24,14:00,15:01,Gardening,Productive
2025-09-20,21:00,22:17,Gardening,Productive
2025-09-21,08:00,08:57,Breakfast,Leisure
2025-09-24,21:30,22:09,Gardening,Productive
2025-09-23,21:00,22:28,YouTube,Leisure
2025-09-20,21:30,22:26,Volunteering,Productive
2025-09-24,16:00,16:52,Walk,Leisure
2025-09-22,17:15,18:07,Lunch,Leisure
2025-09-25,09:45,11:14,Gardening,Productive
2025-09-22,10:45,11:50,Emails,Productive
2025-09-22,15:00,15:43,Puzzles,Leisure
2025-09-23,20:15,21:21,Learning,Productive
2025-09-25,19:45,20:33,YouTube,Leisure
2025-09-21,16:15,16:54,YouTube,Leisure
2025-09-22,10:00,10:34,Photography,Leisure
2025-09-25,09:00,10:09,Walk,Leisure
2025-09-20,21:30,22:09,YouTube,Leisure
2025-09-20,19:00,20:04,Puzzles,Leisure
2025-09-21,12:45,13:18,Photography,Leisure
2025-09-21,06:30,07:12,Coding,Productive
2025-09-24,15:00,16:25,Puzzles,Leisure
2025-09-25,13:30,14:16,Netflix,Leisure
2025-09-25,18:00,19:23,Puzzles,Leisure
2025-09-22,13:15,13:46,Jogging,Leisure
2025-09-24,09:30,10:56,Gardening,Productive
2025-09-22,11:15,12:34,Photography,Leisure
2025-09-24,09:45,10:33,Gardening,Productive
2025-09-23,09:30,10:22,Draw,Leisure
2025-09-20,18:00,18:30,Meeting,Productive
2025-09-21,10:45,11:36,Reading,Productive
2025-09-23,13:15,13:53,Puzzles,Leisure
2025-09-21,18:15,19:30,Instagram,Leisure
2025-09-24,12:30,13:56,Photography,Leisure
2025-09-22,08:00,09:29,Coding,Productive
2025-09-24,18:00,18:48,Walk,Leisure
2025-09-23,08:45,10:07,Volunteering,Productive
2025-09-22,11:00,12:03,Emails,Productive
2025-09-23,20:30,21:29,Meeting,Productive
2025-09-20,12:15,13:40,Learning,Productive
2025-09-21,09:30,10:55,Writing,Productive
2025-09-21,06:30,07:33,Puzzles,Leisure
2025-09-24,14:30,15:09,Walk,Leisure
2025-09-21,15:00,16:27,Writing,Productive
2025-09-23,17:30,18:32,Lunch,Leisure
2025-09-25,16:15,17:34,Instagram,Leisure
2025-09-24,19:45,21:14,Emails,Productive
2025-09-20,07:30,08:00,Breakfast,Leisure
2025-09-20,12:15,13:41,Learning,Productive
2025-09-25,09:30,10:57,Writing,Productive
2025-09-20,06:00,07:00,Coding,Productive
2025-09-21,07:30,08:42,Breakfast,Leisure
2025-09-25,06:45,08:08,Learning,Productive
2025-09-25,18:45,20:10,Learning,Productive
2025-09-22,14:15,15:13,Lunch,Leisure
2025-09-20,18:00,18:49,Breakfast,Leisure
2025-09-20,14:30,15:44,Reading,Productive
2025-09-23,18:00,19:10,Journaling,Productive
2025-09-25,16:15,17:09,Coding,Productive
2025-09-20,14:30,15:30,Coding,Productive
2025-09-20,17:00,17:30,Coding,Productive
2025-09-21,13:00,14:21,Dinner,Leisure
2025-09-24,17:30,18:48,Draw,Leisure
2025-09-23,12:30,13:46,Learning,Productive
2025-09-23,15:00,15:38,Instagram,Leisure
2025-09-25,13:00,13:42,Lunch,Leisure
2025-09-22,09:15,10:22,Meeting,Productive
2025-09-24,11:30,12:42,Breakfast,Leisure
2025-09-25,17:15,17:55,YouTube,Leisure
2025-09-23,09:00,10:19,Volunteering,Productive
2025-09-25,14:15,15:10,Learning,Productive
2025-09-22,20:45,22:01,Writing,Productive
2025-09-25,11:00,12:21,Jogging,Leisure
2025-09-22,12:15,13:02,Emails,Productive
2025-09-22,08:45,09:21,Coding,Productive
2025-09-24,09:45,10:15,Lunch,Leisure
2025-09-22,12:30,13:12,Photography,Leisure
2025-09-23,19:45,20:16,Instagram,Leisure
2025-09-21,08:45,09:56,Meeting,Productive
2025-09-20,20:00,20:51,Reading,Productive
2025-09-21,21:00,21:48,Jogging,Leisure
2025-09-23,09:45,11:11,YouTube,Leisure
2025-09-21,07:45,08:51,Photography,Leisure
2025-09-22,16:30,17:57,Draw,Leisure
2025-09-21,16:00,16:54,Lunch,Leisure
2025-09-21,09:30,10:49,Emails,Productive
2025-09-20,13:45,14:50,Puzzles,Leisure
2025-09-23,10:00,11:13,Breakfast,Leisure
2025-09-21,07:45,09:00,Reading,Productive
2025-09-21,08:45,10:05,Emails,Productive
2025-09-20,12:45,14:07,Emails,Productive
2025-09-21,12:30,13:00,Draw,Leisure
2025-09-24,07:15,08:09,Writing,Productive
2025-09-23,19:15,20:35,Journaling,Productive
2025-09-24,09:00,09:31,Instagram,Leisure
2025-09-24,07:30,08:00,Lunch,Leisure
2025-09-25,17:45,18:33,Reading,Productive
2025-09-25,21:45,23:14,Volunteering,Productive
2025-09-24,09:45,10:52,Jogging,Leisure
2025-09-23,06:30,07:50,Reading,Productive
2025-09-25,07:00,08:05,Breakfast,Leisure
2025-09-21,13:00,13:36,Journaling,Productive
2025-09-21,08:15,09:34,Emails,Productive
2025-09-21,16:45,17:51,Learning,Productive
2025-09-20,14:30,15:39,Instagram,Leisure
2025-09-22,18:00,19:25,Puzzles,Leisure
2025-09-25,17:45,18:21,Volunteering,Productive
2025-09-25,16:00,17:07,Volunteering,Productive
2025-09-23,10:30,11:06,Gardening,Productive
2025-09-24,20:30,21:34,Journaling,Productive
2025-09-22,10:45,11:47,Volunteering,Productive
2025-09-20,20:45,21:42,Instagram,Leisure
2025-09-24,20:15,21:41,Netflix,Leisure
2025-09-20,10:00,11:04,Journaling,Productive
2025-09-22,21:00,21:40,Netflix,Leisure
2025-09-21,06:30,07:18,Coding,Productive
2025-09-21,10:45,11:41,Coding,Productive
2025-09-23,07:30,08:30,Puzzles,Leisure
2025-09-23,13:30,14:56,Photography,Leisure
2025-09-22,14:00,15:07,Jogging,Leisure
2025-09-22,13:00,13:48,Instagram,Leisure
2025-09-23,16:15,17:13,Jogging,Leisure
2025-09-24,13:30,14:38,Reading,Productive
2025-09-22,18:45,19:40,Emails,Productive
2025-09-20,17:30,18:20,Coding,Productive
2025-09-22,18:00,19:21,Puzzles,Leisure
2025-09-24,12:15,13:04,Breakfast,Leisure
2025-09-24,06:15,07:37,Draw,Leisure
2025-09-22,10:30,11:04,Reading,Productive
2025-09-21,13:00,14:11,Breakfast,Leisure
2025-09-20,21:45,23:00,Emails,Productive
2025-09-22,21:30,22:49,Dinner,Leisure
2025-09-23,13:00,14:10,Photography,Leisure
2025-09-22,18:30,19:45,Instagram,Leisure
2025-09-24,16:15,17:33,Lunch,Leisure
2025-09-25,17:15,18:30,Emails,Productive
2025-09-25,20:15,21:01,Photography,Leisure
2025-09-23,18:30,19:13,Dinner,Leisure
2025-09-22,20:45,21:34,Meeting,Productive
2025-09-25,13:30,14:08,YouTube,Leisure
2025-09-23,13:00,13:55,Writing,Productive
2025-09-21,13:15,14:25,Coding,Productive
2025-09-23,16:15,17:15,Learning,Productive
2025-09-20,16:45,17:33,Puzzles,Leisure
2025-09-23,20:45,21:18,Writing,Productive
2025-09-23,12:00,12:44,Instagram,Leisure
2025-09-21,17:45,19:04,Gardening,Productive
2025-09-22,21:00,22:08,Instagram,Leisure
2025-09-25,13:15,14:05,Reading,Productive
2025-09-22,12:15,12:45,Puzzles,Leisure
2025-09-21,15:30,16:14,Walk,Leisure
2025-09-25,14:15,15:40,Learning,Productive
2025-09-25,17:00,18:00,Jogging,Leisure
2025-09-22,18:15,19:22,Reading,Productive
2025-09-20,06:15,06:52,Learning,Productive
2025-09-25,19:00,19:59,Gardening,Productive
2025-09-20,09:45,11:12,Netflix,Leisure
2025-09-23,16:00,17:10,Puzzles,Leisure
2025-09-25,13:30,14:02,Photography,Leisure
2025-09-21,10:45,12:14,Coding,Productive
2025-09-25,06:45,08:00,Draw,Leisure
2025-09-24,13:45,14:49,Meeting,Productive
2025-09-23,13:30,14:56,Jogging,Leisure
2025-09-22,07:15,08:04,Journaling,Productive
2025-09-24,15:30,16:36,Jogging,Leisure
2025-09-21,13:00,14:07,Breakfast,Leisure
2025-09-25,07:30,08:32,Emails,Productive
2025-09-20,06:00,07:19,Journaling,Productive
2025-09-25,09:30,10:14,Writing,Productive
2025-09-23,15:30,16:57,Coding,Productive
2025-09-21,20:15,21:03,Journaling,Productive
2025-09-20,07:15,08:06,Emails,Productive
2025-09-21,11:45,12:49,Jogging,Leisure
2025-09-21,20:00,20:50,YouTube,Leisure
2025-09-22,07:00,07:35,Draw,Leisure
2025-09-21,21:00,22:24,Coding,Productive
2025-09-23,11:45,12:52,Dinner,Leisure
2025-09-22,08:45,10:11,Gardening,Productive
2025-09-24,10:00,11:11,Lunch,Leisure
2025-09-22,12:15,13:31,Reading,Productive
2025-09-25,13:45,14:43,Breakfast,Leisure
2025-09-21,09:15,10:34,Reading,Productive
2025-09-25,07:30,08:36,Photography,Leisure
2025-09-20,14:15,15:26,Gardening,Productive
2025-09-24,20:00,21:15,Jogging,Leisure
2025-09-22,11:00,11:53,Meeting,Productive
2025-09-25,21:00,21:53,Instagram,Leisure
2025-09-21,12:45,13:56,Emails,Productive
2025-09-22,09:00,10:26,Jogging,Leisure
2025-09-25,09:30,10:48,Dinner,Leisure
2025-09-20,13:30,14:38,Writing,Productive
2025-09-21,09:30,10:03,Learning,Productive
2025-09-20,10:30,11:59,Coding,Productive
2025-09-22,13:30,14:31,Learning,Productive
2025-09-20,13:45,14:22,Jogging,Leisure
2025-09-24,21:15,22:39,Journaling,Productive
2025-09-20,11:15,12:31,Coding,Productive
2025-09-23,17:00,18:02,Reading,Productive
2025-09-23,13:30,14:23,YouTube,Leisure
2025-09-22,12:15,13:06,Photography,Leisure
2025-09-22,09:15,10:37,Learning,Productive
2025-09-23,06:45,07:24,Breakfast,Leisure
2025-09-25,10:30,11:07,Photography,Leisure
2025-09-23,11:45,12:25,Coding,Productive
2025-09-25,19:45,20:23,Netflix,Leisure
2025-09-24,13:30,14:12,Breakfast,Leisure
2025-09-24,07:15,07:56,Learning,Productive
2025-09-25,15:30,16:28,Jogging,Leisure
2025-09-20,20:30,21:24,Puzzles,Leisure
2025-09-22,21:15,22:26,Volunteering,Productive
2025-09-25,19:30,20:56,Lunch,Leisure
2025-09-22,08:45,09:59,Journaling,Productive
2025-09-23,16:15,17:17,Gardening,Productive
2025-09-20,19:30,20:41,Volunteering,Productive
2025-09-21,11:30,12:17,Netflix,Leisure
2025-09-20,19:45,21:10,Emails,Productive
2025-09-25,20:00,21:19,Draw,Leisure
2025-09-21,10:00,10:36,Draw,Leisure
2025-09-21,07:15,08:35,Instagram,Leisure
2025-09-20,17:15,18:22,Jogging,Leisure
2025-09-25,18:00,18:52,Emails,Productive
2025-09-24,19:30,20:49,Draw,Leisure
2025-09-25,20:45,22:08,Journaling,Productive
2025-09-21,12:45,14:08,Meeting,Productive
2025-09-22,21:00,22:07,Volunteering,Productive
2025-09-20,12:45,13:37,Breakfast,Leisure
2025-09-23,08:15,09:23,Jogging,Leisure
2025-09-24,18:00,19:16,Coding,Productive
2025-09-20,14:45,15:48,Netflix,Leisure
2025-09-21,15:00,15:39,Puzzles,Leisure
2025-09-21,09:30,10:14,Emails,Productive
2025-09-20,12:00,12:47,Instagram,Leisure
2025-09-23,20:30,21:38,Volunteering,Productive
2025-09-24,13:30,14:42,Learning,Productive
2025-09-24,07:15,08:34,Volunteering,Productive
2025-09-20,07:45,08:37,Learning,Productive
2025-09-21,13:00,14:17,Writing,Productive
2025-09-23,15:00,16:18,Coding,Productive
2025-09-25,07:00,08:19,Writing,Productive
2025-09-23,14:45,15:23,Reading,Productive
2025-09-20,11:30,12:38,Photography,Leisure
2025-09-23,19:00,20:23,Meeting,Productive
2025-09-20,08:15,09:10,Photography,Leisure
2025-09-25,18:45,19:15,Draw,Leisure
2025-09-24,19:00,20:02,Learning,Productive
2025-09-20,14:45,16:10,Netflix,Leisure
2025-09-20,11:30,12:45,Reading,Productive
2025-09-20,15:00,15:35,Instagram,Leisure
2025-09-25,18:30,19:47,Writing,Productive
2025-09-21,21:45,22:20,Coding,Productive
2025-09-24,12:30,13:18,Emails,Productive
2025-09-25,12:45,13:37,Meeting,Productive
2025-09-24,17:15,18:14,Coding,Productive
2025-09-20,20:45,21:21,Emails,Productive
2025-09-21,19:00,19:57,Netflix,Leisure
2025-09-20,14:00,15:18,Dinner,Leisure
2025-09-22,17:00,18:18,Meeting,Productive
2025-09-20,07:45,09:06,Learning,Productive
2025-09-25,06:30,07:45,YouTube,Leisure
2025-09-24,13:45,14:28,Walk,Leisure
2025-09-21,08:00,09:10,Learning,Productive
2025-09-20,20:00,21:14,Coding,Productive
2025-09-21,08:45,10:01,Writing,Productive
2025-09-22,16:30,17:15,Volunteering,Productive
2025-09-23,14:15,15:02,Gardening,Productive
2025-09-23,18:45,19:40,Puzzles,Leisure
2025-09-20,06:15,07:34,Puzzles,Leisure
2025-09-24,09:15,10:07,Puzzles,Leisure
2025-09-24,06:30,07:37,Coding,Productive
2025-09-24,18:45,19:55,Instagram,Leisure
2025-09-24,16:45,17:17,Puzzles,Leisure
2025-09-21,20:45,22:15,YouTube,Leisure
2025-09-22,20:15,21:33,Learning,Productive
2025-09-23,21:00,21:30,YouTube,Leisure
2025-09-24,15:15,16:15,Photography,Leisure
2025-09-25,14:30,15:36,Netflix,Leisure
2025-09-21,14:30,15:36,Learning,Productive
2025-09-21,20:30,21:18,Instagram,Leisure
2025-09-25,17:45,19:03,Emails,Productive
2025-09-22,10:45,11:34,Dinner,Leisure
2025-09-22,07:30,08:57,Volunteering,Productive
2025-09-23,08:45,09:18,Coding,Productive
2025-09-25,21:15,22:23,Lunch,Leisure
2025-09-24,07:30,08:36,Puzzles,Leisure
2025-09-21,15:30,16:40,Coding,Productive
2025-09-23,06:00,07:28,Writing,Productive
2025-09-25,10:45,11:54,Reading,Productive
2025-09-22,11:15,12:42,Coding,Productive
2025-09-22,13:45,14:48,Coding,Productive
2025-09-23,09:30,10:06,Netflix,Leisure
2025-09-23,12:45,13:44,Reading,Productive
2025-09-21,12:30,13:13,Netflix,Leisure
2025-09-20,11:45,12:43,Coding,Productive
2025-09-22,09:30,10:14,Netflix,Leisure
2025-09-21,06:15,07:23,Volunteering,Productive
2025-09-24,18:00,19:26,YouTube,Leisure
2025-09-22,18:00,19:08,Breakfast,Leisure
2025-09-20,15:00,15:49,Jogging,Leisure
2025-09-23,15:30,16:13,Meeting,Productive
2025-09-25,06:15,07:13,Netflix,Leisure
2025-09-25,18:45,19:19,Reading,Productive
2025-09-22,21:30,22:30,YouTube,Leisure
2025-09-20,09:00,10:08,Meeting,Productive
2025-09-25,20:00,20:49,YouTube,Leisure
2025-09-25,06:15,06:52,YouTube,Leisure
2025-09-20,20:45,22:06,Instagram,Leisure
2025-09-24,18:15,18:57,Reading,Productive
2025-09-20,08:45,09:24,Walk,Leisure
2025-09-22,10:15,10:48,Learning,Productive
2025-09-24,09:15,10:24,Meeting,Productive
2025-09-20,10:15,10:55,Instagram,Leisure
2025-09-21,07:00,08:21,Coding,Productive
2025-09-21,17:30,18:49,Puzzles,Leisure
2025-09-23,10:45,12:12,Reading,Productive
2025-09-22,10:00,11:10,Walk,Leisure
2025-09-24,10:45,11:26,Reading,Productive
2025-09-23,15:15,16:21,Breakfast,Leisure
2025-09-22,19:00,19:30,Photography,Leisure
2025-09-25,18:45,19:23,Netflix,Leisure
2025-09-24,13:30,14:23,Coding,Productive
2025-09-22,18:15,19:44,Writing,Productive
2025-09-20,13:00,14:30,Photography,Leisure
2025-09-21,09:45,10:49,Learning,Productive
2025-09-23,21:00,22:00,Writing,Productive
2025-09-22,09:00,10:28,Meeting,Productive
2025-09-25,09:15,10:00,Puzzles,Leisure
2025-09-24,08:15,09:31,Coding,Productive
2025-09-24,13:15,14:29,Reading,Productive
2025-09-21,19:00,20:30,Coding,Productive
2025-09-24,15:15,15:55,Breakfast,Leisure
2025-09-21,08:30,09:47,Reading,Productive
2025-09-22,06:30,07:27,Instagram,Leisure
2025-09-22,19:30,20:20,Reading,Productive
2025-09-21,15:30,16:21,Draw,Leisure
2025-09-24,08:15,09:40,Puzzles,Leisure
2025-09-20,12:45,13:35,Emails,Productive
2025-09-24,07:45,08:40,Coding,Productive
2025-09-22,12:15,13:39,Netflix,Leisure
2025-09-21,08:15,09:01,Puzzles,Leisure
2025-09-22,20:45,21:17,Writing,Productive
2025-09-24,11:30,12:01,Lunch,Leisure
2025-09-23,21:30,22:41,Journaling,Productive
2025-09-24,15:30,16:29,Journaling,Productive
2025-09-23,20:30,21:14,Coding,Productive
2025-09-24,15:45,16:45,Photography,Leisure
2025-09-21,08:45,09:33,Gardening,Productive
2025-09-24,08:45,10:02,Photography,Leisure
2025-09-22,07:00,07:58,Photography,Leisure
2025-09-24,09:15,10:41,Writing,Productive
2025-09-20,12:30,13:17,Reading,Productive
2025-09-21,17:45,18:29,Journaling,Productive
2025-09-25,16:15,16:56,Puzzles,Leisure
2025-09-24,06:00,07:28,Gardening,Productive
2025-09-22,20:30,21:27,Coding,Productive
2025-09-23,06:30,07:51,Meeting,Productive
2025-09-22,20:00,20:37,Learning,Productive
2025-09-22,14:00,15:22,Volunteering,Productive
2025-09-23,07:45,08:59,YouTube,Leisure
2025-09-22,10:45,11:54,Draw,Leisure
2025-09-20,13:45,15:08,Photography,Leisure
2025-09-23,15:45,16:49,Lunch,Leisure
2025-09-21,13:15,14:33,Coding,Productive
2025-09-25,06:15,07:05,Puzzles,Leisure
2025-09-21,14:45,15:27,Learning,Productive
2025-09-20,08:15,09:20,Photography,Leisure
2025-09-25,08:00,09:16,Learning,Productive
2025-09-23,14:45,15:40,Instagram,Leisure
2025-09-25,17:30,18:48,Gardening,Productive
2025-09-21,20:00,21:12,Netflix,Leisure
2025-09-25,07:45,08:47,Writing,Productive
2025-09-20,12:30,13:01,Coding,Productive
2025-09-24,20:30,21:20,Puzzles,Leisure
2025-09-20,14:30,15:49,Reading,Productive
2025-09-24,10:30,11:41,Coding,Productive
2025-09-23,11:15,11:53,Netflix,Leisure
2025-09-20,18:15,18:47,Emails,Productive
2025-09-24,13:00,14:18,Netflix,Leisure
2025-09-21,11:15,11:52,Draw,Leisure
2025-09-22,19:30,20:50,Journaling,Productive
2025-09-25,11:00,12:29,Walk,Leisure
2025-09-20,08:45,09:31,Dinner,Leisure
2025-09-23,20:00,20:35,Learning,Productive
2025-09-21,07:45,08:26,Puzzles,Leisure
2025-09-25,18:45,20:11,Jogging,Leisure
2025-09-22,07:15,08:29,Netflix,Leisure
2025-09-20,10:15,10:49,Lunch,Leisure
2025-09-25,21:45,22:26,Reading,Productive
2025-09-22,10:00,11:30,Learning,Productive
2025-09-24,18:15,19:26,Journaling,Productive
2025-09-25,20:45,21:29,Breakfast,Leisure
2025-09-25,15:45,16:17,Jogging,Leisure
2025-09-23,18:00,19:28,Coding,Productive
2025-09-24,18:45,19:21,Walk,Leisure
2025-09-25,09:00,09:35,Lunch,Leisure
2025-09-21,10:00,10:56,Photography,Leisure
2025-09-21,21:00,21:31,Coding,Productive
2025-09-25,08:00,09:19,Netflix,Leisure
2025-09-25,21:45,22:23,YouTube,Leisure
2025-09-23,15:15,16:29,Jogging,Leisure
2025-09-20,14:45,15:40,Puzzles,Leisure
2025-09-20,13:15,14:27,Meeting,Productive
2025-09-20,10:15,10:55,YouTube,Leisure
2025-09-24,09:30,10:17,Dinner,Leisure
2025-09-20,07:00,08:18,Volunteering,Productive
2025-09-20,10:00,11:03,Reading,Productive
2025-09-22,14:45,15:17,Instagram,Leisure
2025-09-23,18:45,20:00,Writing,Productive
2025-09-22,06:15,07:17,Photography,Leisure
2025-09-21,09:00,10:21,Learning,Productive
2025-09-25,10:30,11:33,Instagram,Leisure
2025-09-23,15:30,16:32,Lunch,Leisure
2025-09-20,06:30,07:18,Learning,Productive
2025-09-20,21:30,22:31,Draw,Leisure
2025-09-25,15:00,16:15,Puzzles,Leisure
2025-09-23,07:15,08:26,Puzzles,Leisure
2025-09-22,11:30,12:31,Coding,Productive
2025-09-21,14:45,15:52,Journaling,Productive
2025-09-24,12:15,13:22,Instagram,Leisure
2025-09-20,08:15,09:29,Puzzles,Leisure
2025-09-20,19:45,21:05,Draw,Leisure
2025-09-23,19:30,20:48,Netflix,Leisure
2025-09-21,11:15,12:41,Writing,Productive
2025-09-21,15:15,16:00,Lunch,Leisure
2025-09-21,18:45,19:22,Dinner,Leisure
2025-09-25,11:15,12:10,Lunch,Leisure
2025-09-25,10:30,11:20,Learning,Productive
2025-09-24,16:30,17:09,Dinner,Leisure
2025-09-22,08:30,09:02,Dinner,Leisure
2025-09-24,21:45,23:09,Emails,Productive
2025-09-23,19:00,20:21,Puzzles,Leisure
2025-09-23,17:00,18:02,Breakfast,Leisure
2025-09-25,21:00,21:31,Coding,Productive
2025-09-21,20:30,21:19,Learning,Productive
2025-09-22,17:45,19:05,Emails,Productive
2025-09-23,11:00,12:24,Photography,Leisure
2025-09-22,18:30,19:28,Meeting,Productive
2025-09-21,13:00,14:23,Netflix,Leisure
2025-09-25,19:15,20:15,Draw,Leisure
2025-09-22,20:15,21:43,Volunteering,Productive
2025-09-20,11:15,12:14,Jogging,Leisure
2025-09-22,20:15,20:55,Netflix,Leisure
2025-09-22,19:15,20:30,Coding,Productive
2025-09-21,09:30,10:47,Lunch,Leisure
2025-09-21,09:00,09:40,Breakfast,Leisure
2025-09-21,21:45,22:27,Jogging,Leisure
2025-09-25,21:30,22:49,Journaling,Productive
2025-09-22,10:45,12:12,Writing,Productive
2025-09-25,12:30,13:37,YouTube,Leisure
2025-09-24,12:00,12:55,Writing,Productive
2025-09-21,17:30,18:59,Breakfast,Leisure
2025-09-23,07:30,08:56,Journaling,Productive
2025-09-24,18:30,19:08,Instagram,Leisure
2025-09-20,09:15,10:39,Instagram,Leisure
2025-09-21,12:00,12:32,Draw,Leisure
2025-09-21,11:30,12:23,Meeting,Productive
2025-09-20,08:30,09:30,Photography,Leisure
2025-09-21,11:45,12:20,YouTube,Leisure
2025-09-21,13:15,14:26,Breakfast,Leisure
2025-09-20,07:15,08:25,Breakfast,Leisure
2025-09-23,06:15,07:14,Dinner,Leisure
2025-09-22,18:45,19:24,Coding,Productive
2025-09-24,15:15,16:31,Dinner,Leisure
2025-09-25,20:45,21:31,Draw,Leisure
2025-09-22,18:00,18:35,Draw,Leisure
2025-09-21,10:30,11:34,Dinner,Leisure
2025-09-22,13:15,14:43,Gardening,Productive
2025-09-24,10:45,11:25,Photography,Leisure
2025-09-22,09:15,10:13,Coding,Productive
2025-09-24,08:15,09:44,Walk,Leisure
2025-09-24,08:45,09:29,Reading,Productive
2025-09-24,17:00,17:53,Meeting,Productive
2025-09-25,06:30,07:40,Journaling,Productive
2025-09-23,13:00,14:14,Breakfast,Leisure
2025-09-25,06:00,06:39,Coding,Productive
2025-09-22,17:00,17:38,Walk,Leisure
2025-09-23,08:00,08:50,Coding,Productive
2025-09-24,13:45,14:28,Walk,Leisure
2025-09-21,11:45,12:47,Netflix,Leisure
2025-09-20,20:00,21:06,Jogging,Leisure
2025-09-20,09:00,09:39,Learning,Productive
2025-09-25,17:45,18:15,Coding,Productive
2025-09-23,20:00,20:45,Dinner,Leisure
2025-09-21,09:45,11:07,Reading,Productive
2025-09-23,16:00,17:29,Puzzles,Leisure
2025-09-25,21:30,22:42,Draw,Leisure
2025-09-21,15:00,16:30,Instagram,Leisure
2025-09-21,15:00,15:41,Breakfast,Leisure
2025-09-22,06:15,07:07,Draw,Leisure
2025-09-20,11:45,12:35,Gardening,Productive
2025-09-24,16:30,17:55,Photography,Leisure
2025-09-23,21:00,21:44,Breakfast,Leisure
2025-09-23,13:00,14:00,Netflix,Leisure
2025-09-22,20:45,21:34,Puzzles,Leisure
2025-09-23,09:00,10:25,Journaling,Productive
2025-09-20,19:30,20:44,Lunch,Leisure
2025-09-23,20:00,20:55,Volunteering,Productive
2025-09-23,20:00,20:33,Dinner,Leisure
2025-09-24,13:00,14:20,Journaling,Productive
2025-09-20,19:00,20:22,Puzzles,Leisure
2025-09-21,13:45,15:11,Writing,Productive
2025-09-21,08:30,09:37,YouTube,Leisure
2025-09-20,10:15,10:50,Breakfast,Leisure
2025-09-22,09:00,10:01,Dinner,Leisure
2025-09-20,18:30,19:08,Volunteering,Productive
2025-09-23,06:15,06:45,Volunteering,Productive
2025-09-25,15:30,16:15,Learning,Productive
2025-09-24,14:30,15:13,Emails,Productive
2025-09-24,20:30,21:58,Breakfast,Leisure
2025-09-21,16:30,17:32,Journaling,Productive
2025-09-21,07:30,08:35,Coding,Productive
2025-09-24,11:30,12:44,Journaling,Productive
2025-09-23,14:15,15:37,Dinner,Leisure
2025-09-25,20:45,21:59,Gardening,Productive
2025-09-22,13:00,13:30,Coding,Productive
2025-09-24,06:00,07:30,Coding,Productive
2025-09-25,07:00,07:44,Draw,Leisure
2025-09-23,20:45,21:33,Breakfast,Leisure
2025-09-25,11:15,12:20,Journaling,Productive
2025-09-25,18:15,19:36,Coding,Productive
2025-09-23,13:30,14:17,Coding,Productive
2025-09-20,13:30,14:30,Breakfast,Leisure
2025-09-21,19:00,20:12,Instagram,Leisure
2025-09-22,15:00,15:38,Netflix,Leisure
2025-09-22,08:00,08:35,Instagram,Leisure
2025-09-25,18:15,19:07,Gardening,Productive
2025-09-20,09:00,10:12,Draw,Leisure
2025-09-24,14:15,14:53,Learning,Productive
2025-09-23,21:45,22:43,Coding,Productive
2025-09-21,19:45,21:10,Coding,Productive
2025-09-23,10:45,12:15,Journaling,Productive
2025-09-25,10:00,10:54,Reading,Productive
2025-09-24,20:15,21:08,Journaling,Productive
2025-09-24,09:00,09:31,Draw,Leisure
2025-09-24,08:30,09:20,Draw,Leisure
2025-09-21,06:00,06:50,YouTube,Leisure
2025-09-20,16:45,18:15,Dinner,Leisure
2025-09-24,10:00,10:56,Emails,Productive
2025-09-22,07:15,08:29,Jogging,Leisure
2025-09-21,19:15,20:19,Writing,Productive
2025-09-22,18:00,19:21,Meeting,Productive
2025-09-25,08:45,09:37,Dinner,Leisure
2025-09-24,14:15,15:25,Lunch,Leisure
2025-09-23,10:30,11:50,YouTube,Leisure
2025-09-24,08:30,09:09,Learning,Productive
2025-09-22,20:30,21:12,YouTube,Leisure
2025-09-21,11:45,13:13,Netflix,Leisure
2025-09-21,06:45,07:52,Puzzles,Leisure
2025-09-25,15:45,17:03,Gardening,Productive
2025-09-25,16:00,16:45,Coding,Productive
2025-09-21,17:00,18:15,Coding,Productive
2025-09-22,11:15,12:16,Learning,Productive
2025-09-23,11:30,12:25,Writing,Productive
2025-09-22,12:45,13:16,Jogging,Leisure
2025-09-22,07:00,07:54,Walk,Leisure
2025-09-24,12:30,13:57,Photography,Leisure
2025-09-20,19:30,20:13,Instagram,Leisure
2025-09-23,10:30,11:33,Lunch,Leisure
2025-09-25,10:45,12:07,Gardening,Productive
2025-09-24,21:15,22:39,Emails,Productive
2025-09-25,09:45,10:51,Writing,Productive
2025-09-20,07:45,09:02,Journaling,Productive
2025-09-25,10:45,11:47,Reading,Productive
2025-09-21,17:30,18:24,Lunch,Leisure
2025-09-20,19:00,20:11,Netflix,Leisure
2025-09-21,20:30,21:55,Breakfast,Leisure
2025-09-23,13:30,14:28,Writing,Productive
2025-09-22,14:00,15:04,Coding,Productive
2025-09-21,08:45,09:50,Emails,Productive
2025-09-23,06:45,07:28,Reading,Productive
2025-09-20,06:30,07:40,YouTube,Leisure
2025-09-25,16:15,17:43,Draw,Leisure
2025-09-24,10:15,11:45,Volunteering,Productive
2025-09-24,07:30,08:15,Coding,Productive
2025-09-20,12:30,13:01,Reading,Productive
2025-09-24,07:30,08:58,Puzzles,Leisure
2025-09-23,13:30,14:25,Learning,Productive
2025-09-25,11:15,12:31,Coding,Productive
2025-09-25,21:15,22:31,Meeting,Productive
2025-09-22,18:45,20:15,Instagram,Leisure
2025-09-20,20:45,21:45,Netflix,Leisure
2025-09-24,12:00,13:26,Learning,Productive
2025-09-25,18:15,19:18,Volunteering,Productive
2025-09-22,06:30,07:58,Dinner,Leisure
2025-09-24,21:00,21:32,Learning,Productive
2025-09-24,21:30,22:48,Draw,Leisure
2025-09-23,17:45,18:21,Meeting,Productive
2025-09-22,20:00,21:02,Coding,Productive
2025-09-21,18:15,19:19,Netflix,Leisure
2025-09-22,09:30,10:46,Netflix,Leisure
2025-09-20,06:30,07:40,Reading,Productive
2025-09-24,21:00,22:17,Walk,Leisure
2025-09-22,09:15,10:33,Draw,Leisure
2025-09-24,15:15,16:16,Reading,Productive
2025-09-20,12:15,12:56,Instagram,Leisure
2025-09-24,11:30,12:02,Gardening,Productive
2025-09-21,16:30,17:51,Coding,Productive
2025-09-21,18:00,18:46,Coding,Productive
2025-09-21,15:00,16:22,Netflix,Leisure
2025-09-20,21:15,22:19,Breakfast,Leisure
2025-09-21,11:15,12:45,Emails,Productive
2025-09-21,08:15,09:06,Jogging,Leisure
2025-09-23,08:00,08:54,YouTube,Leisure
2025-09-24,07:45,08:45,Coding,Productive
2025-09-25,07:30,08:07,Photography,Leisure
2025-09-21,19:15,20:33,Puzzles,Leisure
2025-09-24,08:45,09:21,Dinner,Leisure
2025-09-20,19:15,20:44,Jogging,Leisure
2025-09-25,10:30,11:47,Instagram,Leisure
2025-09-21,21:45,22:55,Writing,Productive
2025-09-20,12:15,13:11,Jogging,Leisure
2025-09-22,06:45,07:40,YouTube,Leisure
2025-09-24,19:15,20:14,Breakfast,Leisure
2025-09-25,13:30,14:46,Breakfast,Leisure
2025-09-20,17:45,18:52,YouTube,Leisure
2025-09-25,20:15,21:02,Draw,Leisure
2025-09-25,06:30,07:00,Walk,Leisure
2025-09-23,07:45,08:51,Draw,Leisure
2025-09-22,09:30,10:54,Emails,Productive
2025-09-23,09:30,10:09,Gardening,Productive
2025-09-21,14:15,15:28,Photography,Leisure
2025-09-23,10:00,10:42,Breakfast,Leisure
2025-09-25,18:00,19:17,Gardening,Productive
2025-09-24,13:45,14:50,Journaling,Productive
2025-09-24,18:00,18:44,Reading,Productive
2025-09-23,12:00,12:55,Photography,Leisure
2025-09-24,18:45,19:45,Coding,Productive
2025-09-25,10:00,10:54,Coding,Productive
2025-09-22,17:45,18:42,YouTube,Leisure
2025-09-24,18:00,18:39,Reading,Productive
2025-09-22,06:45,07:36,Coding,Productive
2025-09-24,21:45,22:33,Walk,Leisure
2025-09-22,15:15,16:25,Instagram,Leisure
2025-09-23,14:00,15:13,Draw,Leisure
2025-09-21,07:15,07:45,Netflix,Leisure
2025-09-21,17:00,18:19,Puzzles,Leisure
2025-09-23,09:00,09:42,Reading,Productive
2025-09-25,10:15,11:04,Draw,Leisure
2025-09-21,17:15,18:42,Gardening,Productive
2025-09-20,08:00,08:33,Coding,Productive
2025-09-21,21:30,22:37,Instagram,Leisure
2025-09-22,17:00,18:25,Breakfast,Leisure
2025-09-21,11:45,13:03,Jogging,Leisure
2025-09-20,16:00,16:43,Puzzles,Leisure
2025-09-25,14:15,15:20,Writing,Productive
2025-09-24,16:15,17:20,Instagram,Leisure
2025-09-24,11:15,12:21,Puzzles,Leisure
2025-09-25,19:45,21:03,Volunteering,Productive
2025-09-24,16:15,17:16,Journaling,Productive
2025-09-21,15:00,16:25,Walk,Leisure
2025-09-25,08:30,09:47,Lunch,Leisure
2025-09-23,11:00,11:36,YouTube,Leisure
2025-09-22,21:15,22:33,Learning,Productive
2025-09-20,19:15,20:19,Journaling,Productive
2025-09-22,06:15,06:51,Volunteering,Productive
2025-09-21,18:45,20:02,Emails,Productive
2025-09-25,20:30,21:14,Coding,Productive
2025-09-21,08:45,09:28,Journaling,Productive
2025-09-24,07:00,08:04,Instagram,Leisure
2025-09-21,08:30,09:41,Draw,Leisure
2025-09-21,20:00,20:43,Netflix,Leisure
2025-09-22,08:15,08:49,Draw,Leisure
2025-09-22,08:45,10:14,Instagram,Leisure
2025-09-22,17:45,18:55,Gardening,Productive
2025-09-23,15:45,17:09,Volunteering,Productive
2025-09-23,06:30,07:42,Emails,Productive
2025-09-22,12:15,13:15,Lunch,Leisure
2025-09-23,18:30,19:44,Netflix,Leisure
2025-09-24,10:00,10:30,Volunteering,Productive
2025-09-20,14:45,15:49,Jogging,Leisure
2025-09-25,19:30,20:12,Coding,Productive
2025-09-24,15:30,16:04,Gardening,Productive
2025-09-24,08:00,09:19,Writing,Productive
2025-09-21,21:45,22:31,Breakfast,Leisure
2025-09-22,10:15,11:08,Puzzles,Leisure
2025-09-24,10:45,11:32,Coding,Productive
2025-09-21,13:30,14:12,Draw,Leisure
2025-09-23,10:30,11:35,Coding,Productive
2025-09-24,15:15,16:37,Dinner,Leisure
2025-09-24,08:45,09:57,Breakfast,Leisure
2025-09-22,21:15,22:00,Reading,Productive
2025-09-22,12:45,14:09,Journaling,Productive
2025-09-25,13:15,14:09,Coding,Productive
2025-09-25,15:45,16:28,Emails,Productive
2025-09-23,16:15,17:29,Emails,Productive
2025-09-25,07:45,08:38,YouTube,Leisure
2025-09-23,21:45,22:36,Gardening,Productive
2025-09-25,12:30,13:43,Photography,Leisure
2025-09-25,15:30,16:10,YouTube,Leisure
2025-09-22,08:15,09:01,Journaling,Productive
2025-09-25,15:15,16:25,Dinner,Leisure
2025-09-23,06:00,07:14,Journaling,Productive
2025-09-20,14:30,15:48,YouTube,Leisure
2025-09-21,14:00,15:15,Coding,Productive
2025-09-23,09:15,10:11,Coding,Productive
2025-09-20,14:45,16:11,Meeting,Productive
2025-09-25,17:30,18:13,Emails,Productive
2025-09-21,07:15,08:40,Coding,Productive
2025-09-22,21:15,22:37,Emails,Productive
2025-09-21,21:45,23:10,Puzzles,Leisure
2025-09-23,19:30,20:45,Breakfast,Leisure
2025-09-25,13:30,14:15,Journaling,Productive
2025-09-25,14:15,15:45,Dinner,Leisure
2025-09-22,18:30,19:41,YouTube,Leisure
2025-09-24,13:45,14:46,Photography,Leisure
2025-09-24,08:45,09:23,Journaling,Productive
2025-09-25,07:15,08:41,Coding,Productive
2025-09-21,10:45,11:40,Walk,Leisure
2025-09-23,14:00,15:14,Breakfast,Leisure
2025-09-22,14:30,15:44,Learning,Productive
2025-09-25,07:00,07:42,Instagram,Leisure
2025-09-24,17:45,19:00,Meeting,Productive
2025-09-21,11:15,12:10,Draw,Leisure
2025-09-20,06:45,08:01,Puzzles,Leisure
2025-09-23,21:15,22:29,Learning,Productive
2025-09-22,11:00,12:06,Meeting,Productive
2025-09-20,18:15,19:16,Volunteering,Productive
2025-09-20,21:00,22:06,Volunteering,Productive
2025-09-25,14:00,14:51,Photography,Leisure
2025-09-23,12:00,13:30,Learning,Productive
2025-09-20,09:00,10:17,Photography,Leisure
2025-09-22,16:00,16:50,Meeting,Productive
2025-09-22,14:00,15:21,Draw,Leisure
2025-09-24,20:00,20:55,Meeting,Productive
2025-09-24,06:30,07:20,Volunteering,Productive
2025-09-24,12:30,13:29,Netflix,Leisure
2025-09-24,09:30,10:06,Reading,Productive
2025-09-25,06:00,07:03,Jogging,Leisure
2025-09-25,17:00,17:44,Reading,Productive
2025-09-22,12:15,13:27,Lunch,Leisure
2025-09-24,09:15,10:21,Lunch,Leisure
2025-09-21,15:15,16:32,Draw,Leisure
2025-09-23,19:30,20:20,Walk,Leisure
2025-09-20,16:30,18:00,Draw,Leisure
2025-09-22,09:30,10:14,Reading,Productive
2025-09-21,06:00,06:31,Coding,Productive
2025-09-20,16:15,16:53,Photography,Leisure
2025-09-24,14:45,16:14,Jogging,Leisure
2025-09-24,15:30,16:12,Photography,Leisure
2025-09-24,19:45,20:21,Netflix,Leisure
2025-09-20,09:45,10:47,Walk,Leisure
2025-09-20,06:30,07:18,Draw,Leisure
2025-09-22,09:30,10:26,Volunteering,Productive
2025-09-22,21:30,22:25,Draw,Leisure
2025-09-24,16:00,16:36,YouTube,Leisure
2025-09-25,10:45,11:29,Puzzles,Leisure
2025-09-20,06:00,06:51,Journaling,Productive
2025-09-21,19:45,20:16,Jogging,Leisure
2025-09-23,10:45,12:07,Coding,Productive
2025-09-25,06:45,07:52,Gardening,Productive
2025-09-22,10:15,10:57,Coding,Productive
2025-09-25,15:45,16:44,Coding,Productive
2025-09-23,08:30,09:45,Walk,Leisure
2025-09-20,08:00,09:16,Writing,Productive
2025-09-24,06:45,08:04,Journaling,Productive
2025-09-25,13:15,14:33,Lunch,Leisure
2025-09-23,09:00,10:29,Draw,Leisure
2025-09-25,14:30,15:00,Meeting,Productive
2025-09-22,08:45,10:11,Jogging,Leisure
2025-09-21,18:45,19:37,Gardening,Productive
2025-09-21,13:45,15:02,Dinner,Leisure
2025-09-25,15:30,16:21,Learning,Productive
2025-09-20,12:30,13:55,Emails,Productive
2025-09-21,14:30,15:09,Instagram,Leisure
2025-09-23,11:45,13:00,Gardening,Productive
2025-09-23,21:45,22:17,Coding,Productive
2025-09-23,18:45,19:47,Dinner,Leisure
2025-09-22,12:00,12:55,Reading,Productive
2025-09-23,07:45,08:19,Dinner,Leisure
2025-09-25,20:30,21:11,Coding,Productive
2025-09-25,15:15,16:31,Jogging,Leisure
2025-09-24,06:00,07:24,Netflix,Leisure
2025-09-22,06:30,07:01,Lunch,Leisure
2025-09-25,14:45,15:15,Jogging,Leisure
2025-09-23,12:30,13:37,Meeting,Productive
2025-09-24,15:45,16:41,Coding,Productive
2025-09-20,08:15,09:03,Coding,Productive
2025-09-22,14:30,15:10,Instagram,Leisure
2025-09-23,08:15,09:39,Volunteering,Productive
2025-09-24,21:15,21:48,Meeting,Productive
2025-09-21,07:30,08:46,Volunteering,Productive
2025-09-21,18:30,19:03,Lunch,Leisure
2025-09-24,13:30,14:52,Coding,Productive
2025-09-22,19:45,20:37,Dinner,Leisure
2025-09-25,19:30,20:19,Learning,Productive
2025-09-23,08:15,09:45,Writing,Productive
2025-09-25,12:45,14:03,Reading,Productive
2025-09-21,09:45,10:22,Coding,Productive
2025-09-25,08:45,09:42,Instagram,Leisure
2025-09-21,09:00,09:52,Breakfast,Leisure
2025-09-22,20:15,21:44,Coding,Productive
2025-09-23,09:45,10:33,Learning,Productive
2025-09-25,06:30,07:18,Puzzles,Leisure
2025-09-21,20:30,21:21,Breakfast,Leisure
2025-09-25,09:00,10:07,Photography,Leisure
2025-09-22,12:00,13:05,Dinner,Leisure
2025-09-25,14:00,14:31,Draw,Leisure
2025-09-22,10:00,10:57,Netflix,Leisure
2025-09-23,09:30,10:40,Coding,Productive
2025-09-24,08:30,09:01,Coding,Productive
2025-09-23,08:30,09:32,Writing,Productive
2025-09-22,12:30,13:06,Emails,Productive
2025-09-21,21:45,22:24,Reading,Productive
2025-09-22,09:30,10:48,Puzzles,Leisure
2025-09-22,12:15,13:02,Puzzles,Leisure
2025-09-25,12:00,13:09,Photography,Leisure
2025-09-22,12:45,14:10,Puzzles,Leisure
2025-09-25,08:00,08:54,Draw,Leisure
2025-09-22,07:00,07:59,Gardening,Productive
2025-09-20,07:00,08:05,Coding,Productive
2025-09-23,09:30,10:02,Lunch,Leisure
2025-09-20,10:00,10:54,Reading,Productive
2025-09-24,20:45,21:56,Walk,Leisure
2025-09-22,15:30,16:09,Reading,Productive
2025-09-20,06:15,07:07,Writing,Productive
2025-09-22,19:00,20:07,Gardening,Productive
2025-09-20,12:45,13:18,Reading,Productive
2025-09-21,17:30,19:00,Journaling,Productive
2025-09-25,10:30,11:10,Emails,Productive
2025-09-22,07:15,08:15,Coding,Productive
2025-09-21,19:30,20:28,Breakfast,Leisure
2025-09-23,11:15,12:42,Learning,Productive
2025-09-24,19:15,20:29,Jogging,Leisure
2025-09-21,15:15,15:50,Dinner,Leisure
2025-09-23,09:00,09:43,Photography,Leisure
2025-09-24,19:30,20:32,Journaling,Productive
2025-09-22,09:15,10:19,Instagram,Leisure
2025-09-20,19:00,19:43,Journaling,Productive
2025-09-23,11:30,12:51,Dinner,Leisure
2025-09-20,07:00,08:23,Emails,Productive
2025-09-22,17:30,18:55,YouTube,Leisure
2025-09-20,19:00,19:40,Writing,Productive
2025-09-20,13:15,14:38,Journaling,Productive
2025-09-23,06:00,06:31,Journaling,Productive
2025-09-23,20:45,21:26,Emails,Productive
2025-09-20,11:00,12:08,Instagram,Leisure
2025-09-24,16:30,17:31,Meeting,Productive
2025-09-25,18:45,19:22,Dinner,Leisure
2025-09-24,15:00,15:38,Coding,Productive
2025-09-20,09:15,10:09,Meeting,Productive
2025-09-21,10:00,10:35,Journaling,Productive
2025-09-21,21:15,22:16,Coding,Productive
2025-09-20,18:15,19:05,Breakfast,Leisure
2025-09-21,17:00,18:06,Instagram,Leisure
2025-09-21,07:30,08:53,Coding,Productive
2025-09-21,16:15,17:10,Reading,Productive
2025-09-25,06:45,07:52,Lunch,Leisure
2025-09-23,09:15,09:57,Coding,Productive
2025-09-25,18:45,20:03,Photography,Leisure
2025-09-20,16:00,16:46,Puzzles,Leisure
2025-09-25,09:15,10:25,Meeting,Productive
2025-09-20,13:15,14:39,Netflix,Leisure
2025-09-24,17:30,18:23,Meeting,Productive
2025-09-20,08:30,09:02,Coding,Productive
2025-09-21,19:45,21:09,Photography,Leisure
2025-09-21,12:45,14:12,Walk,Leisure
2025-09-20,11:30,12:24,Puzzles,Leisure
2025-09-24,20:15,21:15,Draw,Leisure
2025-09-21,18:00,18:36,Meeting,Productive
2025-09-21,11:15,12:06,Meeting,Productive
2025-09-24,18:00,19:30,Photography,Leisure
2025-09-20,15:15,15:58,Breakfast,Leisure
2025-09-21,19:00,19:44,Coding,Productive
2025-09-22,11:00,12:19,Jogging,Leisure
2025-09-20,21:45,23:10,Netflix,Leisure
2025-09-20,20:45,21:37,Reading,Productive
2025-09-20,15:15,16:29,Netflix,Leisure
2025-09-23,12:00,12:56,Writing,Productive
2025-09-23,18:30,19:27,Journaling,Productive
2025-09-23,18:15,19:29,Puzzles,Leisure
2025-09-21,13:00,14:04,Gardening,Productive
2025-09-21,09:45,10:56,Gardening,Productive
2025-09-20,06:30,07:58,Reading,Productive
2025-09-20,10:00,11:25,Meeting,Productive
2025-09-22,18:30,19:38,Reading,Productive
2025-09-21,20:00,21:02,Coding,Productive
2025-09-23,13:15,13:45,Coding,Productive
2025-09-25,21:45,22:32,Journaling,Productive
2025-09-22,11:45,12:53,Jogging,Leisure
2025-09-23,20:45,21:30,Coding,Productive
2025-09-25,15:30,16:20,Emails,Productive
2025-09-23,17:15,18:04,Instagram,Leisure
2025-09-25,18:30,19:54,Writing,Productive
2025-09-20,09:00,09:34,Learning,Productive
2025-09-21,19:00,20:05,Meeting,Productive
2025-09-22,18:30,19:44,Gardening,Productive
2025-09-20,13:15,13:47,Puzzles,Leisure
2025-09-22,21:30,22:04,Writing,Productive
2025-09-25,21:30,22:38,Dinner,Leisure
2025-09-25,17:45,18:51,Instagram,Leisure
2025-09-22,16:45,17:39,Learning,Productive
2025-09-24,17:45,18:41,Photography,Leisure
2025-09-20,16:00,17:08,YouTube,Leisure
2025-09-23,18:30,19:16,Coding,Productive
2025-09-23,18:45,19:39,Learning,Productive
2025-09-23,15:30,16:47,Coding,Productive
2025-09-24,18:45,19:27,Emails,Productive
2025-09-22,18:00,19:02,Dinner,Leisure
2025-09-22,07:45,08:30,Emails,Productive
2025-09-25,19:45,20:37,Volunteering,Productive
2025-09-20,18:45,19:46,Dinner,Leisure
2025-09-25,10:45,11:58,Netflix,Leisure
2025-09-23,16:45,17:27,Learning,Productive
2025-09-23,16:00,16:31,Photography,Leisure
2025-09-25,13:45,15:00,Learning,Productive
2025-09-20,14:30,15:21,Writing,Productive
2025-09-22,14:15,15:31,Photography,Leisure
2025-09-22,17:15,17:47,Meeting,Productive
2025-09-21,07:30,08:41,Coding,Productive
2025-09-23,08:30,10:00,Journaling,Productive
2025-09-25,15:45,16:54,Dinner,Leisure
2025-09-21,08:45,09:55,Writing,Productive
2025-09-25,12:30,13:46,Emails,Productive
2025-09-24,20:45,21:49,Learning,Productive
2025-09-24,15:00,16:19,YouTube,Leisure
2025-09-22,11:30,12:32,Reading,Productive
2025-09-20,10:30,11:01,Jogging,Leisure
2025-09-21,07:15,08:14,Volunteering,Productive
2025-09-22,19:30,20:41,Jogging,Leisure
2025-09-22,15:15,16:24,Coding,Productive
2025-09-25,13:00,14:08,Netflix,Leisure
2025-09-25,13:30,14:09,Meeting,Productive
2025-09-25,06:00,06:34,Emails,Productive
2025-09-23,13:00,13:51,Breakfast,Leisure
2025-09-20,21:15,22:32,Draw,Leisure
2025-09-25,18:15,19:32,Lunch,Leisure
2025-09-24,14:45,15:47,Writing,Productive
2025-09-20,14:30,15:11,Walk,Leisure
2025-09-23,16:15,17:08,Lunch,Leisure
2025-09-23,10:45,11:15,YouTube,Leisure
2025-09-21,09:00,10:27,Lunch,Leisure
2025-09-20,12:15,13:44,Coding,Productive
2025-09-25,08:00,09:21,Volunteering,Productive
2025-09-22,21:30,22:14,Jogging,Leisure
2025-09-25,14:45,15:26,Emails,Productive
2025-09-22,07:00,07:56,Journaling,Productive
2025-09-22,17:15,17:46,Draw,Leisure
2025-09-21,13:30,14:28,Gardening,Productive
2025-09-21,17:30,18:41,Emails,Productive
2025-09-23,19:45,20:40,Netflix,Leisure
2025-09-21,19:00,20:16,Netflix,Leisure
2025-09-23,07:15,08:37,Gardening,Productive
2025-09-24,08:15,09:38,Dinner,Leisure
2025-09-24,14:30,15:40,Gardening,Productive
2025-09-20,19:45,20:33,Dinner,Leisure
2025-09-23,16:15,17:34,Reading,Productive
2025-09-24,21:45,22:16,Writing,Productive
2025-09-23,20:45,21:33,Dinner,Leisure
2025-09-23,06:30,07:46,Netflix,Leisure
2025-09-22,11:15,12:29,Photography,Leisure
2025-09-21,09:30,10:16,Draw,Leisure
2025-09-20,06:30,07:35,Learning,Productive
2025-09-24,16:45,18:03,Instagram,Leisure
2025-09-25,21:45,22:33,Puzzles,Leisure
2025-09-23,08:30,09:57,Photography,Leisure
2025-09-25,21:30,22:42,Writing,Productive
2025-09-20,19:15,19:54,Volunteering,Productive
2025-09-25,10:15,11:17,Jogging,Leisure
2025-09-20,13:15,14:42,Meeting,Productive
2025-09-20,08:45,09:59,Jogging,Leisure
2025-09-20,06:00,07:13,Volunteering,Productive
2025-09-24,19:00,20:21,Meeting,Productive
2025-09-21,11:00,11:58,Jogging,Leisure
2025-09-25,21:15,22:31,Gardening,Productive
2025-09-20,12:15,13:09,Learning,Productive
2025-09-23,08:15,09:33,Coding,Productive
2025-09-24,20:15,20:58,Netflix,Leisure
2025-09-20,15:30,16:04,Writing,Productive
2025-09-21,19:15,20:25,YouTube,Leisure
2025-09-21,15:30,16:51,Writing,Productive
2025-09-20,10:45,11:34,YouTube,Leisure
2025-09-23,10:15,11:34,Learning,Productive
2025-09-25,11:15,11:46,Puzzles,Leisure
2025-09-20,08:45,09:58,Coding,Productive
2025-09-22,20:15,20:51,Netflix,Leisure
2025-09-23,09:00,09:37,Journaling,Productive
2025-09-22,07:30,08:11,Learning,Productive
2025-09-22,17:00,17:50,Walk,Leisure
2025-09-23,11:15,12:42,Puzzles,Leisure
2025-09-20,10:30,11:19,Emails,Productive
2025-09-25,17:15,18:24,Coding,Productive
2025-09-24,15:15,16:42,Coding,Productive
2025-09-24,12:15,13:24,Emails,Productive
2025-09-22,12:15,13:03,Puzzles,Leisure
2025-09-20,18:15,19:10,Coding,Productive
2025-09-25,16:00,17:13,Instagram,Leisure
2025-09-22,20:30,21:12,Gardening,Productive
2025-09-22,16:00,17:10,Puzzles,Leisure
2025-09-21,15:45,16:50,Gardening,Productive
2025-09-25,11:45,13:12,Meeting,Productive
2025-09-20,10:15,11:16,Gardening,Productive
2025-09-22,16:30,17:29,Photography,Leisure
2025-09-24,18:15,19:07,Draw,Leisure
2025-09-21,11:30,12:02,Emails,Productive
2025-09-25,08:15,09:24,Netflix,Leisure
2025-09-24,08:30,09:47,Lunch,Leisure
2025-09-20,17:45,18:27,Volunteering,Productive
2025-09-21,15:00,16:30,Journaling,Productive
2025-09-20,10:45,12:10,Writing,Productive
2025-09-22,12:00,12:57,Meeting,Productive
2025-09-22,18:30,19:18,Gardening,Productive
2025-09-22,12:15,13:14,Lunch,Leisure
2025-09-25,16:00,16:38,Breakfast,Leisure
2025-09-23,16:15,17:45,YouTube,Leisure
2025-09-22,14:00,15:04,Journaling,Productive
2025-09-23,16:15,17:04,Lunch,Leisure
2025-09-22,17:30,18:16,Puzzles,Leisure
2025-09-24,07:15,08:36,Writing,Productive
2025-09-20,06:30,07:17,Volunteering,Productive
2025-09-20,14:00,15:02,Photography,Leisure
2025-09-24,16:45,18:11,Lunch,Leisure
2025-09-25,12:00,12:40,YouTube,Leisure
2025-09-20,15:45,16:16,YouTube,Leisure
2025-09-22,15:00,16:23,Draw,Leisure
2025-09-23,18:30,19:54,Reading,Productive
2025-09-22,11:00,11:53,Instagram,Leisure
2025-09-21,16:45,17:56,Photography,Leisure
2025-09-23,15:30,16:29,Breakfast,Leisure
2025-09-20,19:30,20:24,YouTube,Leisure
2025-09-24,16:30,17:22,Photography,Leisure
2025-09-25,14:30,15:58,Journaling,Productive
2025-09-24,19:30,20:00,Photography,Leisure
2025-09-20,08:15,09:36,Netflix,Leisure
2025-09-22,07:00,08:29,Lunch,Leisure
2025-09-23,10:45,11:51,Breakfast,Leisure
2025-09-20,12:00,12:30,Walk,Leisure
2025-09-25,07:30,08:34,Lunch,Leisure
2025-09-25,06:45,07:16,Emails,Productive
2025-09-21,09:30,10:05,Emails,Productive
2025-09-23,16:45,17:32,Instagram,Leisure
2025-09-22,17:30,18:30,Dinner,Leisure
2025-09-20,06:00,06:30,Jogging,Leisure
2025-09-22,08:30,09:43,Instagram,Leisure
2025-09-22,19:15,20:33,Draw,Leisure
2025-09-20,17:00,18:20,Meeting,Productive
2025-09-21,17:15,18:11,Instagram,Leisure
2025-09-20,14:15,15:33,YouTube,Leisure
2025-09-21,15:30,16:36,Gardening,Productive
2025-09-22,06:00,06:55,Gardening,Productive
2025-09-22,06:00,06:50,Reading,Productive
2025-09-23,10:30,11:55,Coding,Productive
2025-09-20,07:00,07:35,Coding,Productive
2025-09-25,21:45,22:49,Learning,Productive
2025-09-21,13:15,14:36,Writing,Productive
2025-09-23,08:30,09:26,Walk,Leisure
2025-09-25,14:00,15:21,Journaling,Productive
2025-09-25,12:00,12:49,Netflix,Leisure
2025-09-24,21:00,22:01,Coding,Productive
2025-09-24,20:30,21:21,YouTube,Leisure
2025-09-21,18:15,18:54,Writing,Productive
2025-09-23,10:45,11:21,Journaling,Productive
2025-09-23,06:00,06:56,Emails,Productive
2025-09-23,13:15,14:16,Writing,Productive
2025-09-22,16:15,17:13,Dinner,Leisure
2025-09-23,13:45,15:10,Puzzles,Leisure
2025-09-23,18:00,19:14,Draw,Leisure
2025-09-24,12:45,14:07,Emails,Productive
2025-09-22,21:30,22:07,Instagram,Leisure
2025-09-25,15:15,16:13,Photography,Leisure
2025-09-23,19:30,20:56,Learning,Productive
2025-09-24,17:45,18:48,Puzzles,Leisure
2025-09-22,13:30,14:10,YouTube,Leisure
2025-09-24,17:00,17:43,YouTube,Leisure
2025-09-22,17:00,17:31,Photography,Leisure
2025-09-21,21:15,22:22,Coding,Productive
2025-09-23,08:00,08:37,Dinner,Leisure
2025-09-21,20:00,20:32,Meeting,Productive
2025-09-22,06:00,06:37,Draw,Leisure
2025-09-20,14:15,15:25,Emails,Productive
2025-09-25,10:00,11:01,Coding,Productive
2025-09-20,06:30,08:00,Writing,Productive
2025-09-24,20:30,21:17,Lunch,Leisure
2025-09-25,19:30,20:00,Meeting,Productive
2025-09-23,07:30,08:38,Coding,Productive
2025-09-22,08:00,09:02,Learning,Productive
2025-09-23,07:00,07:52,Draw,Leisure
2025-09-20,08:00,09:12,Walk,Leisure
2025-09-21,08:45,09:35,Dinner,Leisure
2025-09-21,12:15,13:20,Learning,Productive
2025-09-20,13:45,14:25,Emails,Productive
2025-09-20,10:45,11:46,Netflix,Leisure
2025-09-20,11:45,12:27,Draw,Leisure
2025-09-20,06:30,07:33,Emails,Productive
2025-09-21,21:15,22:13,Lunch,Leisure
2025-09-23,08:15,09:21,Jogging,Leisure
2025-09-25,06:30,07:46,Breakfast,Leisure
2025-09-21,08:00,09:29,Dinner,Leisure
2025-09-23,07:00,08:04,Coding,Productive
2025-09-20,08:30,09:34,Reading,Productive
2025-09-25,13:00,13:38,Coding,Productive
2025-09-25,10:15,11:38,Journaling,Productive
2025-09-24,13:30,14:08,Walk,Leisure
2025-09-20,10:45,11:42,Walk,Leisure
2025-09-25,10:30,11:55,Instagram,Leisure
2025-09-24,19:15,20:40,Instagram,Leisure
2025-09-21,12:30,13:34,Learning,Productive
2025-09-23,16:30,17:28,Walk,Leisure
2025-09-20,14:00,14:31,Writing,Productive
2025-09-25,08:30,09:37,Journaling,Productive
2025-09-22,21:45,22:16,Breakfast,Leisure
2025-09-22,20:00,21:00,Dinner,Leisure
2025-09-23,07:45,08:57,Coding,Productive
2025-09-22,11:15,12:09,Volunteering,Productive
2025-09-23,10:45,12:10,Writing,Productive
2025-09-20,15:00,16:20,Draw,Leisure
2025-09-21,11:00,11:39,Writing,Productive
2025-09-25,12:00,12:53,Instagram,Leisure
2025-09-25,13:15,14:44,Jogging,Leisure
2025-09-24,14:15,15:05,Journaling,Productive
2025-09-21,11:45,12:23,Walk,Leisure
2025-09-25,14:30,15:57,Gardening,Productive
2025-09-22,11:30,12:35,Draw,Leisure
2025-09-24,09:30,10:22,Puzzles,Leisure
2025-09-24,10:00,10:59,Writing,Productive
2025-09-20,08:45,09:24,Lunch,Leisure
2025-09-25,14:30,15:15,Volunteering,Productive
2025-09-24,11:15,11:54,Draw,Leisure
2025-09-24,18:00,19:08,Volunteering,Productive
2025-09-21,12:00,12:51,Journaling,Productive
2025-09-22,19:15,20:37,Coding,Productive
2025-09-25,07:45,08:18,Walk,Leisure
2025-09-22,17:30,18:11,Coding,Productive
2025-09-20,14:45,15:22,Meeting,Productive
2025-09-20,19:30,20:23,Instagram,Leisure
2025-09-22,17:45,18:29,Breakfast,Leisure
2025-09-23,13:30,14:16,Volunteering,Productive
2025-09-24,15:00,15:33,Breakfast,Leisure
2025-09-23,20:30,21:34,Photography,Leisure
2025-09-25,09:45,11:11,Journaling,Productive
2025-09-23,12:00,13:28,Draw,Leisure
2025-09-23,16:45,17:47,Photography,Leisure
2025-09-24,08:45,09:38,Dinner,Leisure
2025-09-24,08:30,09:32,Gardening,Productive
2025-09-22,21:00,21:54,Draw,Leisure
2025-09-20,07:00,08:08,YouTube,Leisure
2025-09-24,12:15,13:00,Photography,Leisure
2025-09-25,10:30,11:50,Dinner,Leisure
2025-09-23,13:45,14:29,Journaling,Productive
2025-09-21,15:00,15:46,Jogging,Leisure
2025-09-22,19:15,20:21,Gardening,Productive
2025-09-24,19:00,19:38,Learning,Productive
2025-09-25,21:45,23:01,Meeting,Productive
2025-09-21,12:30,13:56,Reading,Productive
2025-09-20,20:15,21:40,Gardening,Productive
2025-09-21,11:00,11:44,Walk,Leisure
2025-09-25,10:00,11:22,Learning,Productive
2025-09-24,21:45,23:03,Photography,Leisure
2025-09-23,14:30,15:45,Draw,Leisure
2025-09-20,08:30,09:38,Journaling,Productive
2025-09-21,20:30,21:01,Coding,Productive
2025-09-20,17:30,18:54,Volunteering,Productive
2025-09-24,08:30,09:51,Gardening,Productive
2025-09-24,07:15,08:25,Jogging,Leisure
2025-09-22,15:00,15:45,Gardening,Productive
2025-09-20,08:30,09:48,Writing,Productive
2025-09-24,19:45,21:10,Learning,Productive
2025-09-20,06:45,08:12,Learning,Productive
2025-09-22,19:45,21:09,Breakfast,Leisure
2025-09-20,06:15,07:12,Journaling,Productive
2025-09-23,18:00,19:24,Netflix,Leisure
2025-09-24,08:15,09:43,Lunch,Leisure
2025-09-25,18:45,19:47,Writing,Productive
2025-09-25,13:45,14:47,Coding,Productive
2025-09-23,21:00,21:48,Photography,Leisure
2025-09-25,18:45,19:28,Draw,Leisure
2025-09-23,18:15,19:39,Puzzles,Leisure
2025-09-23,16:15,17:29,Jogging,Leisure
2025-09-22,21:15,22:13,YouTube,Leisure
2025-09-25,07:30,08:42,Coding,Productive
2025-09-24,15:30,16:24,Photography,Leisure
2025-09-21,18:45,19:17,Lunch,Leisure
2025-09-21,13:30,14:01,Coding,Productive
2025-09-25,12:45,13:30,Meeting,Productive
2025-09-22,15:15,16:37,Puzzles,Leisure
2025-09-21,12:30,13:32,YouTube,Leisure
2025-09-22,06:30,07:37,Volunteering,Productive
2025-09-20,14:30,15:11,Netflix,Leisure
2025-09-25,15:30,16:37,Instagram,Leisure
2025-09-23,19:00,19:31,Coding,Productive
2025-09-24,12:45,14:02,Walk,Leisure
2025-09-20,11:45,12:38,Writing,Productive
2025-09-24,07:45,08:19,Coding,Productive
2025-09-25,09:15,10:10,Puzzles,Leisure
2025-09-21,13:00,14:28,Draw,Leisure
2025-09-21,19:45,20:16,Netflix,Leisure
2025-09-23,12:45,13:20,Coding,Productive
2025-09-20,19:15,20:42,Puzzles,Leisure
2025-09-22,11:45,12:36,Meeting,Productive
2025-09-24,17:45,18:53,Draw,Leisure
2025-09-21,13:00,13:48,Lunch,Leisure
2025-09-22,07:30,08:31,Walk,Leisure
2025-09-21,17:15,18:24,Gardening,Productive
2025-09-22,14:00,15:23,Walk,Leisure
2025-09-22,19:30,20:20,Writing,Productive
2025-09-23,19:30,20:03,Instagram,Leisure
2025-09-25,18:00,19:28,Writing,Productive
2025-09-23,17:30,18:05,Coding,Productive
2025-09-21,16:45,17:24,Draw,Leisure
2025-09-24,19:30,20:45,Photography,Leisure
2025-09-23,06:15,07:22,Photography,Leisure
2025-09-21,18:15,19:04,Instagram,Leisure
2025-09-25,14:30,15:53,Reading,Productive
2025-09-20,14:00,15:13,Writing,Productive
2025-09-24,07:45,09:00,YouTube,Leisure
2025-09-25,14:30,15:44,Meeting,Productive
2025-09-20,10:30,11:51,Writing,Productive
2025-09-25,19:30,20:45,Coding,Productive
2025-09-21,15:00,16:26,Reading,Productive
2025-09-25,07:45,08:42,Reading,Productive
2025-09-21,21:45,22:37,Writing,Productive
2025-09-21,20:45,21:31,Photography,Leisure
2025-09-23,06:45,07:44,Coding,Productive
2025-09-22,09:30,10:02,Netflix,Leisure
2025-09-20,10:00,10:47,Emails,Productive
2025-09-22,06:45,08:11,Gardening,Productive
2025-09-23,15:00,15:53,Breakfast,Leisure
2025-09-25,13:30,14:14,Lunch,Leisure
2025-09-21,12:45,13:24,Coding,Productive
2025-09-20,14:30,15:58,Emails,Productive
2025-09-23,07:00,07:48,Volunteering,Productive
2025-09-24,10:15,11:34,Volunteering,Productive
2025-09-24,16:00,16:46,Netflix,Leisure
2025-09-25,12:15,12:55,Lunch,Leisure
2025-09-21,08:45,10:07,Puzzles,Leisure
2025-09-25,09:00,10:19,Draw,Leisure
2025-09-20,21:15,22:38,Coding,Productive
2025-09-20,21:15,22:16,Lunch,Leisure
2025-09-21,10:00,11:02,Draw,Leisure
2025-09-20,14:45,15:52,Writing,Productive
2025-09-22,20:45,21:49,Writing,Productive
2025-09-25,21:00,21:37,Coding,Productive
2025-09-20,16:15,17:26,YouTube,Leisure
2025-09-24,12:30,13:58,Gardening,Productive
2025-09-24,08:30,09:56,Walk,Leisure
2025-09-25,20:45,21:52,Volunteering,Productive
2025-09-22,12:45,13:21,Reading,Productive
2025-09-24,13:30,14:17,Dinner,Leisure
2025-09-22,19:00,19:44,Draw,Leisure
2025-09-25,20:30,21:54,Dinner,Leisure
2025-09-25,06:30,07:12,Gardening,Productive
2025-09-21,19:00,19:33,Dinner,Leisure
2025-09-24,16:30,17:39,Netflix,Leisure
2025-09-24,18:45,19:43,Netflix,Leisure
2025-09-21,14:45,15:47,Lunch,Leisure
2025-09-21,06:45,08:05,Meeting,Productive
2025-09-21,14:30,15:02,Dinner,Leisure
2025-09-21,20:00,20:56,Gardening,Productive
2025-09-21,12:30,13:08,Puzzles,Leisure
2025-09-23,13:00,14:15,Walk,Leisure
2025-09-20,06:45,08:11,Instagram,Leisure
2025-09-21,18:15,19:30,Gardening,Productive
2025-09-23,16:45,17:23,Netflix,Leisure
2025-09-21,10:00,10:54,Journaling,Productive
2025-09-23,08:45,09:46,Lunch,Leisure
2025-09-22,13:45,15:01,Coding,Productive
2025-09-21,07:30,08:12,YouTube,Leisure
2025-09-23,10:30,11:13,Lunch,Leisure
2025-09-21,12:30,13:14,Lunch,Leisure
2025-09-21,06:15,07:31,Instagram,Leisure
2025-09-24,12:00,13:03,YouTube,Leisure
2025-09-24,19:15,20:37,Reading,Productive
2025-09-20,12:30,13:09,Lunch,Leisure
2025-09-22,10:30,12:00,Instagram,Leisure
2025-09-23,12:30,13:02,Gardening,Productive
2025-09-23,18:45,20:07,Jogging,Leisure
2025-09-21,12:15,13:25,Dinner,Leisure
2025-09-23,14:00,14:55,Writing,Productive
2025-09-24,13:00,14:20,Dinner,Leisure
2025-09-25,07:30,08:20,Coding,Productive
2025-09-21,08:15,08:53,Puzzles,Leisure
2025-09-23,07:30,08:53,Dinner,Leisure
2025-09-20,17:15,17:57,Draw,Leisure
2025-09-23,20:00,21:17,Emails,Productive
2025-09-24,12:30,13:31,Journaling,Productive
2025-09-21,11:15,12:23,Writing,Productive
2025-09-24,08:00,08:51,Dinner,Leisure
2025-09-22,15:15,16:36,Dinner,Leisure
2025-09-20,06:00,07:05,Dinner,Leisure
2025-09-23,09:30,10:39,Emails,Productive
2025-09-22,21:30,22:04,Dinner,Leisure
2025-09-25,12:00,13:11,Learning,Productive
2025-09-25,11:45,12:15,Walk,Leisure
2025-09-21,09:30,10:43,Volunteering,Productive
2025-09-23,21:45,22:28,Instagram,Leisure
2025-09-24,09:15,10:03,YouTube,Leisure
2025-09-24,13:15,14:37,Jogging,Leisure
2025-09-20,11:45,13:13,Volunteering,Productive
2025-09-25,17:15,18:41,Lunch,Leisure
2025-09-25,19:30,20:53,Volunteering,Productive
2025-09-22,20:15,20:54,Volunteering,Productive
2025-09-20,11:15,12:45,Writing,Productive
2025-09-22,07:15,08:34,Coding,Productive
2025-09-24,16:30,17:54,Photography,Leisure
2025-09-24,08:00,09:05,Netflix,Leisure
2025-09-25,21:45,23:08,Gardening,Productive
2025-09-21,10:30,11:48,Dinner,Leisure
2025-09-25,14:30,15:25,Puzzles,Leisure
2025-09-25,10:30,11:05,Gardening,Productive
2025-09-20,20:00,20:46,Draw,Leisure
2025-09-20,19:45,21:09,Breakfast,Leisure
2025-09-22,16:45,17:20,Volunteering,Productive
2025-09-24,17:00,17:55,Jogging,Leisure
2025-09-21,16:45,18:11,Coding,Productive
2025-09-20,17:00,18:29,Instagram,Leisure
2025-09-24,11:15,12:06,Photography,Leisure
2025-09-25,17:00,17:52,Reading,Productive
2025-09-24,15:15,16:02,YouTube,Leisure
2025-09-22,18:15,19:20,Coding,Productive
2025-09-24,08:00,08:52,Dinner,Leisure
2025-09-23,21:45,22:52,Gardening,Productive
2025-09-24,18:45,20:15,Breakfast,Leisure
2025-09-20,11:00,12:24,Draw,Leisure
2025-09-23,16:30,17:20,Draw,Leisure
2025-09-20,20:30,21:03,Walk,Leisure
2025-09-23,15:30,16:41,Writing,Productive
2025-09-24,16:30,17:47,Netflix,Leisure
2025-09-25,11:45,12:36,Breakfast,Leisure
2025-09-24,06:45,07:34,Emails,Productive
2025-09-21,07:00,08:02,Writing,Productive
2025-09-24,12:45,13:58,Meeting,Productive
2025-09-24,20:15,21:39,Emails,Productive
2025-09-24,10:15,11:36,Draw,Leisure
2025-09-23,09:00,10:08,Puzzles,Leisure
2025-09-25,15:45,16:51,Walk,Leisure
2025-09-22,07:45,09:10,Journaling,Productive
2025-09-24,06:30,07:57,Photography,Leisure
2025-09-22,11:45,12:44,Walk,Leisure
2025-09-23,06:30,07:29,Netflix,Leisure
2025-09-25,09:15,10:31,Lunch,Leisure
2025-09-20,20:15,21:06,Gardening,Productive
2025-09-21,10:15,11:04,Instagram,Leisure
2025-09-23,07:15,08:01,Gardening,Productive
2025-09-21,16:00,17:04,Lunch,Leisure
2025-09-22,08:00,09:01,Emails,Productive
2025-09-22,10:15,11:08,Coding,Productive
2025-09-20,21:45,22:59,Writing,Productive
2025-09-20,14:30,15:53,Instagram,Leisure
2025-09-20,11:45,12:59,Writing,Productive
2025-09-24,07:00,08:28,Puzzles,Leisure
2025-09-20,19:15,19:45,Dinner,Leisure
2025-09-24,07:15,08:44,Dinner,Leisure
2025-09-22,15:00,16:02,Instagram,Leisure
2025-09-22,13:45,14:30,Emails,Productive
2025-09-25,19:30,20:52,Learning,Productive
2025-09-20,18:00,19:23,Puzzles,Leisure
2025-09-21,13:30,14:37,Writing,Productive
2025-09-24,18:45,20:11,Dinner,Leisure
2025-09-21,21:45,22:54,Reading,Productive
2025-09-20,08:30,09:20,Volunteering,Productive
2025-09-25,19:30,20:01,Puzzles,Leisure
2025-09-21,15:15,16:11,Dinner,Leisure
2025-09-25,09:00,10:16,Photography,Leisure
2025-09-21,06:15,07:02,YouTube,Leisure
2025-09-23,15:30,16:24,YouTube,Leisure
2025-09-20,13:15,13:49,Draw,Leisure
2025-09-20,18:30,19:45,Draw,Leisure
2025-09-21,19:15,20:32,Lunch,Leisure
2025-09-24,14:00,14:48,Coding,Productive
2025-09-20,06:30,07:58,Writing,Productive
2025-09-22,10:45,11:48,Learning,Productive
2025-09-25,09:00,09:59,Draw,Leisure
2025-09-21,12:45,13:48,Dinner,Leisure
2025-09-24,08:30,09:03,Jogging,Leisure
2025-09-20,08:45,09:16,Coding,Productive
2025-09-21,18:15,19:41,Emails,Productive
2025-09-22,10:00,10:59,Lunch,Leisure
2025-09-21,17:00,18:08,Emails,Productive
2025-09-21,16:00,16:43,Lunch,Leisure
2025-09-20,18:00,18:36,Journaling,Productive
2025-09-25,18:15,19:11,Instagram,Leisure
2025-09-25,12:45,13:35,YouTube,Leisure
2025-09-23,18:30,19:39,YouTube,Leisure
2025-09-24,19:00,20:13,Gardening,Productive
2025-09-25,07:30,08:31,Netflix,Leisure
2025-09-24,06:15,07:04,Draw,Leisure
2025-09-21,16:45,17:55,Breakfast,Leisure
2025-09-25,18:45,19:44,Journaling,Productive
2025-09-23,18:30,19:38,Instagram,Leisure
2025-09-23,14:45,15:39,Lunch,Leisure
2025-09-21,06:15,06:45,Learning,Productive
2025-09-22,21:15,22:19,Coding,Productive
2025-09-22,12:30,13:18,Dinner,Leisure
2025-09-21,19:30,20:11,Dinner,Leisure
2025-09-20,19:15,19:49,Gardening,Productive
2025-09-24,18:15,19:45,Gardening,Productive
2025-09-25,09:45,11:08,Breakfast,Leisure
2025-09-23,09:15,09:48,YouTube,Leisure
2025-09-25,16:15,17:06,Volunteering,Productive
2025-09-22,09:15,10:08,Volunteering,Productive
2025-09-22,19:45,21:05,Lunch,Leisure
2025-09-21,12:00,13:20,Jogging,Leisure
2025-09-23,11:00,12:05,Puzzles,Leisure
2025-09-24,21:00,21:35,Reading,Productive
2025-09-22,06:30,07:58,Journaling,Productive
2025-09-20,09:30,10:01,Instagram,Leisure
2025-09-21,21:15,22:11,YouTube,Leisure
2025-09-24,09:30,10:42,Emails,Productive
2025-09-25,16:15,16:54,Lunch,Leisure
2025-09-24,08:00,08:57,Learning,Productive
2025-09-21,20:45,21:59,Volunteering,Productive
2025-09-22,11:30,12:48,Gardening,Productive
2025-09-20,17:30,18:02,Coding,Productive
2025-09-23,18:15,19:35,Netflix,Leisure
2025-09-24,10:00,10:58,Journaling,Productive
2025-09-20,07:45,09:00,Reading,Productive
2025-09-24,10:45,11:32,Coding,Productive
2025-09-22,14:00,15:24,Draw,Leisure
2025-09-24,13:30,14:23,Draw,Leisure
2025-09-20,10:15,10:55,Gardening,Productive
2025-09-25,12:45,14:04,Coding,Productive
2025-09-23,12:30,13:46,Netflix,Leisure
2025-09-24,20:45,21:59,Puzzles,Leisure
2025-09-24,13:00,14:28,Learning,Productive
2025-09-23,15:30,16:16,Coding,Productive
2025-09-23,11:30,12:31,Writing,Productive
2025-09-24,17:15,17:59,Instagram,Leisure
2025-09-23,16:00,17:28,Walk,Leisure
2025-09-23,09:00,09:31,Emails,Productive
2025-09-22,21:15,22:43,Gardening,Productive
2025-09-23,16:00,17:25,Meeting,Productive
2025-09-22,06:00,06:42,YouTube,Leisure
2025-09-23,19:30,20:02,Puzzles,Leisure
2025-09-21,21:15,22:14,Gardening,Productive
2025-09-22,15:30,16:15,Volunteering,Productive
2025-09-21,12:00,12:49,Netflix,Leisure
2025-09-25,14:45,15:58,Dinner,Leisure
2025-09-21,11:45,12:26,Gardening,Productive
2025-09-24,06:30,07:14,Learning,Productive
2025-09-20,20:45,22:03,Instagram,Leisure
2025-09-21,17:45,18:27,Emails,Productive
2025-09-25,13:00,14:05,Jogging,Leisure
2025-09-23,15:30,16:37,YouTube,Leisure
2025-09-24,17:00,17:33,Coding,Productive
2025-09-20,13:15,14:01,Photography,Leisure
2025-09-20,20:15,21:13,Jogging,Leisure
2025-09-22,16:30,17:27,Gardening,Productive
2025-09-22,18:30,19:38,Breakfast,Leisure
2025-09-21,15:30,16:55,Photography,Leisure
2025-09-24,19:15,20:37,Breakfast,Leisure
2025-09-25,12:00,12:52,YouTube,Leisure
2025-09-24,14:15,14:47,Breakfast,Leisure
2025-09-25,13:45,15:14,Photography,Leisure
2025-09-21,09:30,10:49,Draw,Leisure
2025-09-20,13:30,14:34,Jogging,Leisure
2025-09-23,18:15,19:25,Meeting,Productive
2025-09-20,16:45,17:42,Jogging,Leisure
2025-09-22,09:45,11:05,Reading,Productive
2025-09-25,19:00,20:10,Jogging,Leisure
2025-09-24,19:00,20:25,Photography,Leisure
2025-09-23,13:45,15:00,Learning,Productive
2025-09-21,19:00,20:20,Walk,Leisure
2025-09-21,21:30,22:14,Instagram,Leisure
2025-09-20,12:30,13:47,Volunteering,Productive
2025-09-25,07:00,07:51,Breakfast,Leisure
2025-09-21,19:45,20:17,Dinner,Leisure
2025-09-23,11:00,12:18,Journaling,Productive
2025-09-22,16:15,17:27,Volunteering,Productive
2025-09-23,11:00,12:26,Instagram,Leisure
2025-09-25,11:30,12:01,Walk,Leisure
2025-09-23,19:15,20:06,Learning,Productive
2025-09-21,15:30,16:39,Lunch,Leisure
2025-09-22,16:15,16:53,Coding,Productive
2025-09-23,21:15,22:12,Walk,Leisure
2025-09-21,20:00,20:42,Reading,Productive
2025-09-22,20:15,21:05,Lunch,Leisure
2025-09-21,21:15,22:11,Puzzles,Leisure
2025-09-24,11:15,12:13,Dinner,Leisure
2025-09-21,20:45,22:05,YouTube,Leisure
2025-09-23,16:00,16:30,YouTube,Leisure
2025-09-21,19:00,19:57,Learning,Productive
2025-09-23,10:15,10:45,Coding,Productive
2025-09-21,09:00,09:50,Jogging,Leisure
2025-09-23,17:45,19:00,Lunch,Leisure
2025-09-21,18:00,18:53,Meeting,Productive
2025-09-23,13:45,14:22,Dinner,Leisure
2025-09-22,09:00,09:56,Reading,Productive
2025-09-24,09:30,10:39,Meeting,Productive
2025-09-23,18:30,19:57,Draw,Leisure
2025-09-22,12:15,13:43,Learning,Productive
2025-09-23,21:00,21:34,Coding,Productive
2025-09-24,20:00,21:30,Puzzles,Leisure
2025-09-24,16:30,17:04,Photography,Leisure
2025-09-25,13:30,14:53,Coding,Productive
2025-09-21,15:45,16:52,Draw,Leisure
2025-09-20,07:15,07:52,Reading,Productive
2025-09-24,16:15,17:34,Instagram,Leisure
2025-09-22,19:45,20:35,Emails,Productive
2025-09-21,21:30,22:28,YouTube,Leisure
2025-09-20,15:15,16:22,Jogging,Leisure
2025-09-21,06:00,06:37,Breakfast,Leisure
2025-09-22,09:15,10:36,Netflix,Leisure
2025-09-21,08:45,09:22,Lunch,Leisure
2025-09-24,17:30,18:46,Journaling,Productive
2025-09-24,06:45,07:47,Coding,Productive
2025-09-21,11:15,12:09,YouTube,Leisure
2025-09-24,14:45,15:26,Emails,Productive
2025-09-21,17:30,18:17,Photography,Leisure
2025-09-24,06:45,07:52,Instagram,Leisure
2025-09-20,18:00,18:41,Journaling,Productive
2025-09-20,11:30,12:14,Puzzles,Leisure
2025-09-24,20:15,21:38,Jogging,Leisure
2025-09-23,17:15,18:41,Learning,Productive
2025-09-22,08:15,08:50,Walk,Leisure
2025-09-23,13:45,15:00,Coding,Productive
2025-09-21,11:30,12:05,Draw,Leisure
2025-09-24,08:00,08:52,Learning,Productive
2025-09-24,10:15,11:21,Lunch,Leisure
2025-09-24,18:00,19:06,Gardening,Productive
2025-09-22,14:45,15:49,YouTube,Leisure
2025-09-24,19:15,20:44,Learning,Productive
2025-09-21,20:15,21:25,Instagram,Leisure
2025-09-25,14:30,15:22,Jogging,Leisure
2025-09-20,06:15,06:47,Netflix,Leisure
2025-09-24,20:45,21:49,Writing,Productive
2025-09-24,06:15,07:03,Breakfast,Leisure
2025-09-23,09:00,10:21,Writing,Productive
2025-09-21,17:30,18:31,Instagram,Leisure
2025-09-22,17:30,18:05,Walk,Leisure
2025-09-20,16:00,17:23,Learning,Productive
2025-09-25,17:45,18:46,Puzzles,Leisure
2025-09-22,11:15,11:50,Netflix,Leisure
2025-09-22,08:45,10:12,Instagram,Leisure
2025-09-20,13:00,14:13,Photography,Leisure
2025-09-22,21:30,22:34,Reading,Productive
2025-09-22,07:30,08:11,Walk,Leisure
2025-09-20,09:00,09:45,Gardening,Productive
2025-09-20,10:30,11:39,Meeting,Productive
2025-09-23,08:45,10:10,Dinner,Leisure
2025-09-22,10:45,11:36,Puzzles,Leisure
2025-09-21,17:45,19:01,Learning,Productive
2025-09-24,06:00,06:42,Dinner,Leisure
2025-09-21,07:30,08:52,Puzzles,Leisure
2025-09-23,19:15,20:30,Volunteering,Productive
2025-09-21,14:15,15:21,Coding,Productive
2025-09-20,10:30,11:45,Reading,Productive
2025-09-25,06:15,07:38,Netflix,Leisure
2025-09-24,15:00,15:38,Volunteering,Productive
2025-09-24,17:00,17:41,Walk,Leisure
2025-09-25,18:00,18:36,Emails,Productive
2025-09-23,11:30,12:06,Meeting,Productive
2025-09-21,11:30,12:13,Writing,Productive
2025-09-23,07:00,08:09,Breakfast,Leisure
2025-09-24,20:15,21:37,Gardening,Productive
2025-09-25,12:00,13:28,Coding,Productive
2025-09-22,21:00,22:19,Reading,Productive
2025-09-23,08:00,09:16,Gardening,Productive
2025-09-24,19:00,20:24,Reading,Productive
2025-09-25,07:00,08:13,Gardening,Productive
2025-09-24,08:30,09:44,Writing,Productive
2025-09-22,16:00,17:18,Draw,Leisure
2025-09-22,06:15,06:50,Netflix,Leisure
2025-09-23,19:30,20:00,Puzzles,Leisure
2025-09-23,12:15,13:15,Volunteering,Productive
2025-09-24,12:15,13:08,Reading,Productive
2025-09-21,06:15,07:16,Jogging,Leisure
2025-09-20,21:45,22:28,Meeting,Productive
2025-09-22,12:00,12:59,Coding,Productive
2025-09-23,16:30,17:13,Breakfast,Leisure
2025-09-24,17:15,18:08,Instagram,Leisure
2025-09-20,19:15,20:31,Photography,Leisure
2025-09-22,07:15,07:45,Breakfast,Leisure
2025-09-23,15:30,16:24,Coding,Productive
2025-09-21,21:15,22:29,Lunch,Leisure
2025-09-21,17:45,19:13,Coding,Productive
2025-09-23,19:00,19:53,Volunteering,Productive
2025-09-20,16:00,17:07,Volunteering,Productive
2025-09-22,14:00,14:53,Coding,Productive
2025-09-21,16:45,17:32,Coding,Productive
2025-09-21,07:00,07:56,Coding,Productive
2025-09-20,20:30,21:03,Puzzles,Leisure
2025-09-22,17:45,18:35,Coding,Productive
2025-09-25,10:00,10:46,Dinner,Leisure
2025-09-21,16:30,17:25,Learning,Productive
2025-09-22,13:30,14:22,Coding,Productive
2025-09-23,18:00,19:00,Draw,Leisure
2025-09-23,14:45,15:45,Netflix,Leisure
2025-09-24,09:00,09:41,Breakfast,Leisure
2025-09-20,11:45,12:28,Breakfast,Leisure
2025-09-23,11:00,12:14,Emails,Productive
2025-09-24,14:30,15:58,Dinner,Leisure
2025-09-22,08:30,09:20,Gardening,Productive
2025-09-21,18:45,19:49,Emails,Productive
2025-09-20,19:15,19:59,Photography,Leisure
2025-09-23,06:30,07:02,Gardening,Productive
2025-09-23,17:30,18:53,Reading,Productive
2025-09-23,11:00,11:37,Puzzles,Leisure
2025-09-20,15:30,16:21,YouTube,Leisure
2025-09-21,07:30,08:49,Puzzles,Leisure
2025-09-23,08:15,09:17,Volunteering,Productive
2025-09-20,11:30,12:50,Coding,Productive
2025-09-23,18:15,19:26,Emails,Productive
2025-09-21,15:00,16:12,Puzzles,Leisure
2025-09-25,07:30,08:03,Netflix,Leisure
2025-09-21,13:15,14:24,Learning,Productive
2025-09-23,16:00,16:52,Gardening,Productive
2025-09-24,14:15,15:02,Writing,Productive
2025-09-22,19:00,20:18,Breakfast,Leisure
2025-09-25,16:15,16:52,Dinner,Leisure
2025-09-24,09:30,10:26,Puzzles,Leisure
2025-09-21,18:45,20:03,Gardening,Productive
2025-09-23,10:00,10:31,Gardening,Productive
2025-09-23,16:45,17:59,Jogging,Leisure
2025-09-25,08:45,10:02,Netflix,Leisure
2025-09-23,20:15,21:42,Coding,Productive
2025-09-24,20:45,21:46,Dinner,Leisure
2025-09-22,08:45,09:56,Netflix,Leisure
2025-09-25,16:45,18:12,Puzzles,Leisure
2025-09-24,17:00,17:39,Meeting,Productive
2025-09-20,20:00,20:48,Reading,Productive
2025-09-24,21:45,23:01,Journaling,Productive
2025-09-25,18:00,18:54,Writing,Productive
2025-09-25,21:15,22:00,Netflix,Leisure
2025-09-20,07:00,07:30,Journaling,Productive
2025-09-23,11:45,12:20,Lunch,Leisure
2025-09-24,10:45,11:51,Coding,Productive
2025-09-22,14:30,15:20,Dinner,Leisure
2025-09-25,19:00,19:39,Lunch,Leisure
2025-09-25,07:15,08:44,Lunch,Leisure
2025-09-25,10:15,11:33,Dinner,Leisure
2025-09-24,12:00,12:37,Dinner,Leisure
2025-09-25,21:00,22:11,Learning,Productive
2025-09-25,12:15,13:21,Journaling,Productive
2025-09-22,21:45,22:36,Reading,Productive
2025-09-21,07:15,08:07,Learning,Productive
2025-09-24,17:00,17:52,Lunch,Leisure
2025-09-22,09:15,10:19,Coding,Productive
2025-09-22,17:00,18:09,Puzzles,Leisure
2025-09-22,21:45,22:19,Walk,Leisure
2025-09-21,11:15,12:36,Dinner,Leisure
2025-09-24,16:45,17:43,Coding,Productive
2025-09-25,21:00,21:48,Meeting,Productive
2025-09-23,19:15,19:55,Writing,Productive
2025-09-24,11:45,13:12,Instagram,Leisure
2025-09-21,07:45,09:13,Emails,Productive
2025-09-24,16:30,17:47,Emails,Productive
2025-09-25,10:00,11:02,Walk,Leisure
2025-09-23,16:45,18:09,Jogging,Leisure
2025-09-22,09:30,10:09,Lunch,Leisure
2025-09-21,09:15,10:36,Meeting,Productive
2025-09-23,18:30,19:37,Writing,Productive
2025-09-20,17:15,18:09,YouTube,Leisure
2025-09-23,12:45,13:29,Draw,Leisure
2025-09-24,10:00,11:05,Draw,Leisure
2025-09-24,17:15,18:06,Reading,Productive
2025-09-21,09:45,10:17,Dinner,Leisure
2025-09-21,14:00,15:11,Breakfast,Leisure
2025-09-25,10:30,11:32,Photography,Leisure
2025-09-24,20:00,20:47,Netflix,Leisure
2025-09-22,12:15,13:37,Breakfast,Leisure
2025-09-25,14:45,15:16,Jogging,Leisure
2025-09-25,06:00,07:19,Walk,Leisure
2025-09-20,09:00,10:21,Emails,Productive
2025-09-24,18:00,19:19,Journaling,Productive
2025-09-20,11:30,12:45,Puzzles,Leisure
2025-09-24,16:30,17:14,Photography,Leisure
2025-09-21,13:15,14:24,Instagram,Leisure
2025-09-25,06:45,07:35,Learning,Productive
2025-09-24,15:30,16:47,Coding,Productive
2025-09-20,12:30,13:40,Photography,Leisure
2025-09-22,09:00,10:07,Breakfast,Leisure
2025-09-25,18:45,19:31,Dinner,Leisure
2025-09-20,07:15,08:12,Writing,Productive
2025-09-25,21:15,22:21,Volunteering,Productive
2025-09-20,11:30,12:03,Lunch,Leisure
2025-09-23,16:30,17:45,Gardening,Productive
2025-09-20,07:30,08:40,Lunch,Leisure
2025-09-21,18:30,19:31,Emails,Productive
2025-09-25,19:15,20:28,Volunteering,Productive
2025-09-23,08:00,09:17,Netflix,Leisure
2025-09-25,21:15,21:45,Photography,Leisure
2025-09-20,08:45,09:51,Emails,Productive
2025-09-22,19:15,19:49,Coding,Productive
2025-09-21,12:15,13:30,Meeting,Productive
2025-09-21,14:00,14:45,Emails,Productive
2025-09-25,19:45,20:33,Walk,Leisure
2025-09-25,09:15,09:59,Walk,Leisure
2025-09-20,08:30,09:50,Meeting,Productive
2025-09-21,11:15,12:09,Dinner,Leisure
2025-09-25,10:45,11:40,Coding,Productive
2025-09-25,11:15,12:37,Puzzles,Leisure
2025-09-25,07:45,08:32,Journaling,Productive
2025-09-21,12:00,13:27,Writing,Productive
2025-09-20,08:45,09:28,Jogging,Leisure
2025-09-21,21:45,22:47,Coding,Productive
2025-09-23,06:15,07:35,Photography,Leisure
2025-09-24,18:00,18:50,Journaling,Productive
2025-09-24,21:00,22:11,Lunch,Leisure
2025-09-22,13:15,14:00,Journaling,Productive
2025-09-22,11:30,12:03,Journaling,Productive
2025-09-25,14:15,15:42,Writing,Productive
2025-09-20,20:00,21:27,Coding,Productive
2025-09-21,18:00,19:02,Lunch,Leisure
2025-09-21,20:30,21:05,Journaling,Productive
2025-09-21,12:00,13:17,Dinner,Leisure
2025-09-24,11:45,13:04,Emails,Productive
2025-09-20,12:15,13:04,Gardening,Productive
2025-09-25,16:00,16:50,YouTube,Leisure
2025-09-20,10:15,11:27,Gardening,Productive
2025-09-23,13:00,14:11,Gardening,Productive
2025-09-22,09:30,10:08,Instagram,Leisure
2025-09-24,21:15,22:34,Journaling,Productive
2025-09-23,14:45,15:34,Puzzles,Leisure
2025-09-20,15:30,16:38,Puzzles,Leisure
2025-09-24,17:45,18:36,Jogging,Leisure
2025-09-25,15:30,16:09,Instagram,Leisure
2025-09-21,20:15,21:33,Walk,Leisure
2025-09-25,13:15,14:34,Emails,Productive
2025-09-24,15:45,16:32,Lunch,Leisure
2025-09-24,14:30,15:47,Writing,Productive
2025-09-23,17:30,18:37,Reading,Productive
2025-09-22,19:15,19:47,Coding,Productive
2025-09-24,10:45,12:11,Gardening,Productive
2025-09-25,13:30,14:23,Draw,Leisure
2025-09-22,13:45,15:15,Dinner,Leisure
2025-09-20,15:15,16:15,Draw,Leisure
2025-09-22,16:30,17:51,Emails,Productive
2025-09-24,06:15,06:59,Journaling,Productive
2025-09-25,13:45,14:45,Breakfast,Leisure
2025-09-21,12:30,13:57,Coding,Productive
2025-09-25,16:45,18:04,Breakfast,Leisure
2025-09-24,17:45,18:28,Breakfast,Leisure
2025-09-21,17:30,18:46,Coding,Productive
2025-09-25,06:15,06:55,Learning,Productive
2025-09-20,06:00,07:09,Puzzles,Leisure
2025-09-23,07:15,08:00,Coding,Productive
2025-09-25,18:45,20:01,Lunch,Leisure
2025-09-23,11:00,12:08,Jogging,Leisure
2025-09-21,11:30,12:56,Gardening,Productive
2025-09-21,18:45,19:42,Journaling,Productive
2025-09-25,14:15,15:05,Writing,Productive
2025-09-22,10:45,11:24,Coding,Productive
2025-09-21,12:30,13:30,Coding,Productive
2025-09-23,10:15,10:55,Draw,Leisure
2025-09-23,06:15,07:08,Netflix,Leisure
2025-09-20,16:45,18:09,Breakfast,Leisure
2025-09-22,12:00,12:59,Writing,Productive
2025-09-23,11:45,12:39,Learning,Productive
2025-09-23,19:00,19:43,Breakfast,Leisure
2025-09-22,06:45,07:48,Dinner,Leisure
2025-09-20,07:00,07:40,Emails,Productive
2025-09-24,07:00,08:27,Instagram,Leisure
2025-09-21,18:15,19:29,Volunteering,Productive
2025-09-20,16:45,17:24,Reading,Productive
2025-09-22,08:45,09:32,Learning,Productive
2025-09-20,08:45,09:45,Coding,Productive
2025-09-20,08:00,09:09,Volunteering,Productive
2025-09-20,10:00,10:32,Instagram,Leisure
2025-09-21,20:15,21:14,Walk,Leisure
2025-09-20,07:30,08:34,Learning,Productive
2025-09-21,19:00,20:13,YouTube,Leisure
2025-09-25,15:15,15:51,Lunch,Leisure
2025-09-24,12:45,14:10,Jogging,Leisure
2025-09-21,19:45,20:37,Learning,Productive
2025-09-23,06:45,08:02,Netflix,Leisure
2025-09-25,07:15,07:47,Breakfast,Leisure
2025-09-22,20:00,21:18,Netflix,Leisure
2025-09-21,11:30,12:22,Emails,Productive
2025-09-21,15:45,16:57,Journaling,Productive
2025-09-24,16:15,17:17,Lunch,Leisure
2025-09-23,20:45,21:31,Meeting,Productive
2025-09-22,17:30,18:44,Volunteering,Productive
2025-09-25,08:00,08:41,Gardening,Productive
2025-09-20,21:30,22:13,Emails,Productive
2025-09-25,15:15,15:56,Coding,Productive
2025-09-23,18:45,19:17,Photography,Leisure
2025-09-25,06:00,07:04,Learning,Productive
2025-09-20,10:15,11:11,Netflix,Leisure
2025-09-25,10:30,11:32,YouTube,Leisure
2025-09-22,13:00,14:13,Instagram,Leisure
2025-09-22,21:00,21:49,Instagram,Leisure
2025-09-21,19:45,20:24,Walk,Leisure
2025-09-20,18:15,19:36,Learning,Productive
2025-09-22,09:45,11:08,Lunch,Leisure
2025-09-20,12:45,13:22,Jogging,Leisure
2025-09-22,13:15,14:11,Reading,Productive
2025-09-23,14:30,15:06,Learning,Productive
2025-09-21,20:30,21:40,Coding,Productive
2025-09-24,21:30,22:51,Coding,Productive
2025-09-21,21:00,22:04,Reading,Productive
2025-09-25,06:00,06:55,Writing,Productive
2025-09-21,21:00,21:45,YouTube,Leisure
2025-09-20,06:00,07:02,Draw,Leisure
2025-09-22,17:00,17:42,Puzzles,Leisure
2025-09-23,12:15,13:37,Coding,Productive
2025-09-24,19:00,20:17,Netflix,Leisure
2025-09-21,18:00,18:34,Jogging,Leisure
2025-09-20,15:45,16:54,Dinner,Leisure
2025-09-25,09:00,09:56,Walk,Leisure
2025-09-22,07:15,07:48,Breakfast,Leisure
2025-09-22,08:15,08:47,Emails,Productive
2025-09-24,09:30,10:26,Gardening,Productive
2025-09-20,14:30,15:05,Meeting,Productive
2025-09-24,19:30,20:22,Journaling,Productive
2025-09-23,07:30,08:23,Instagram,Leisure
2025-09-25,21:30,22:08,YouTube,Leisure
2025-09-24,21:45,22:32,Puzzles,Leisure
2025-09-23,06:45,08:10,Netflix,Leisure
2025-09-24,13:30,14:06,Walk,Leisure
2025-09-22,21:45,22:41,Instagram,Leisure
2025-09-21,20:45,21:33,Netflix,Leisure
2025-09-24,21:15,21:52,Breakfast,Leisure
2025-09-24,06:15,07:27,Netflix,Leisure
2025-09-21,13:15,14:22,Emails,Productive
2025-09-20,21:45,22:46,Meeting,Productive
2025-09-23,06:45,07:20,Breakfast,Leisure
2025-09-22,08:15,09:33,Draw,Leisure
2025-09-21,08:15,09:35,Emails,Productive
2025-09-20,13:45,14:17,Gardening,Productive
2025-09-20,11:45,13:02,Gardening,Productive
2025-09-22,13:00,14:20,Jogging,Leisure
2025-09-20,13:00,13:41,Emails,Productive
2025-09-24,19:00,19:49,Jogging,Leisure
2025-09-21,15:15,16:36,Dinner,Leisure
2025-09-22,09:45,10:29,Walk,Leisure
2025-09-23,13:30,14:53,Dinner,Leisure
2025-09-25,07:30,08:51,Coding,Productive
2025-09-22,15:00,16:16,Walk,Leisure
2025-09-24,09:00,09:39,Dinner,Leisure
2025-09-25,13:15,13:45,Volunteering,Productive
2025-09-21,18:30,19:48,Draw,Leisure
2025-09-20,06:30,07:23,Gardening,Productive
2025-09-21,06:30,07:00,Coding,Productive
2025-09-23,11:45,12:45,Photography,Leisure
2025-09-24,07:00,08:15,Draw,Leisure
2025-09-25,12:45,14:06,Meeting,Productive
2025-09-23,14:30,15:44,Emails,Productive
2025-09-21,13:15,14:44,Netflix,Leisure
2025-09-21,12:30,13:08,Netflix,Leisure
2025-09-25,15:15,16:11,Photography,Leisure
2025-09-22,21:45,22:38,Photography,Leisure
2025-09-21,13:30,14:38,Breakfast,Leisure
2025-09-23,09:00,10:20,Jogging,Leisure
2025-09-20,16:45,17:36,Puzzles,Leisure
2025-09-21,14:15,15:10,Draw,Leisure
2025-09-24,20:45,21:32,Gardening,Productive
2025-09-25,19:45,20:42,Dinner,Leisure
2025-09-21,13:15,14:26,Netflix,Leisure
2025-09-20,06:00,06:57,Gardening,Productive
2025-09-22,17:15,18:33,Breakfast,Leisure
2025-09-24,08:00,09:07,Gardening,Productive
2025-09-22,16:45,17:43,Gardening,Productive
2025-09-20,09:30,10:51,Writing,Productive
2025-09-22,16:45,17:24,Photography,Leisure
2025-09-20,16:15,17:11,Meeting,Productive
2025-09-21,06:00,07:11,Puzzles,Leisure
2025-09-20,10:00,10:47,Jogging,Leisure
2025-09-24,14:00,15:04,Coding,Productive
2025-09-20,11:00,12:14,Breakfast,Leisure
2025-09-25,15:00,16:21,Walk,Leisure
2025-09-21,08:15,09:17,Writing,Productive
2025-09-21,16:15,17:26,Dinner,Leisure
2025-09-21,12:30,13:02,Volunteering,Productive
2025-09-20,08:00,08:53,Coding,Productive
2025-09-24,12:30,13:25,Walk,Leisure
2025-09-22,06:00,06:56,Gardening,Productive
2025-09-22,06:00,06:31,Journaling,Productive
2025-09-24,19:30,20:43,Dinner,Leisure
2025-09-22,15:30,16:40,Instagram,Leisure
2025-09-25,14:30,15:23,Journaling,Productive
2025-09-21,19:15,20:27,Jogging,Leisure
2025-09-23,21:00,21:41,YouTube,Leisure
2025-09-25,06:30,07:55,Breakfast,Leisure
2025-09-20,14:45,15:40,Lunch,Leisure
2025-09-25,06:30,07:02,Coding,Productive
2025-09-21,08:00,08:43,Jogging,Leisure
2025-09-21,17:45,18:59,Emails,Productive
2025-09-21,14:15,15:15,Coding,Productive
2025-09-25,08:00,08:51,Volunteering,Productive
2025-09-25,15:30,16:05,Breakfast,Leisure
2025-09-21,13:45,14:52,Reading,Productive
2025-09-22,20:30,21:42,Lunch,Leisure
2025-09-21,19:45,21:10,Lunch,Leisure
2025-09-20,10:45,11:54,Journaling,Productive
2025-09-22,12:00,13:01,Puzzles,Leisure
2025-09-20,06:30,07:26,Writing,Productive
2025-09-20,18:30,20:00,Puzzles,Leisure
2025-09-21,07:15,08:10,Coding,Productive
2025-09-23,13:00,13:57,Instagram,Leisure
2025-09-22,07:00,07:58,Photography,Leisure
2025-09-22,15:45,16:28,Netflix,Leisure
2025-09-23,15:00,15:56,Walk,Leisure
2025-09-20,06:45,08:07,Gardening,Productive
2025-09-24,12:45,13:48,Instagram,Leisure
2025-09-24,16:15,16:46,YouTube,Leisure
2025-09-25,10:15,10:51,Volunteering,Productive
2025-09-21,19:15,19:45,Walk,Leisure
2025-09-20,06:15,06:54,Reading,Productive
2025-09-23,11:00,11:51,Emails,Productive
2025-09-20,19:15,20:05,Instagram,Leisure
2025-09-20,20:00,21:12,YouTube,Leisure
2025-09-21,13:00,13:39,Coding,Productive
2025-09-20,15:15,16:15,Photography,Leisure
2025-09-24,18:15,19:05,Volunteering,Productive
2025-09-25,21:45,22:33,Meeting,Productive
2025-09-21,08:00,08:59,Photography,Leisure
2025-09-20,17:30,18:13,Lunch,Leisure
2025-09-24,07:00,08:30,Walk,Leisure
2025-09-23,16:30,17:40,Reading,Productive
2025-09-22,18:30,19:36,Walk,Leisure
2025-09-21,17:30,18:53,Reading,Productive
2025-09-22,08:00,08:39,Instagram,Leisure
2025-09-20,12:00,13:00,Meeting,Productive
2025-09-20,19:00,20:28,Learning,Productive
2025-09-20,06:30,07:31,Coding,Productive
2025-09-21,12:45,13:21,Photography,Leisure
2025-09-21,19:30,20:39,Journaling,Productive
2025-09-25,19:15,20:07,Learning,Productive
2025-09-22,10:30,11:56,Instagram,Leisure
2025-09-20,19:15,20:07,Coding,Productive
2025-09-24,20:45,21:37,Walk,Leisure
2025-09-24,18:00,19:28,Walk,Leisure
2025-09-21,17:45,18:57,Instagram,Leisure
2025-09-22,19:00,19:45,Emails,Productive
2025-09-21,15:15,16:16,Gardening,Productive
2025-09-20,17:15,17:49,Lunch,Leisure
2025-09-25,21:30,22:28,Photography,Leisure
2025-09-23,18:45,19:33,Meeting,Productive
2025-09-21,16:15,16:47,Meeting,Productive
2025-09-22,13:15,14:02,Lunch,Leisure
2025-09-22,08:15,08:51,Walk,Leisure
2025-09-24,10:00,11:22,Journaling,Productive
2025-09-24,06:00,06:52,Netflix,Leisure
2025-09-21,14:15,15:00,Jogging,Leisure
2025-09-22,20:15,21:43,Reading,Productive
2025-09-21,11:00,11:54,Gardening,Productive
2025-09-23,08:15,08:57,Photography,Leisure
2025-09-21,08:15,09:35,Instagram,Leisure
2025-09-22,10:45,11:37,Draw,Leisure
2025-09-21,17:30,18:35,Gardening,Productive
2025-09-24,18:45,19:55,Photography,Leisure
2025-09-22,12:00,12:35,Draw,Leisure
2025-09-23,15:00,15:47,Lunch,Leisure
2025-09-23,11:15,12:30,Coding,Productive
2025-09-24,08:00,08:30,Coding,Productive
2025-09-25,14:30,15:47,Breakfast,Leisure
2025-09-21,21:15,22:02,Breakfast,Leisure
2025-09-21,13:15,14:42,Volunteering,Productive
2025-09-25,20:30,21:48,Puzzles,Leisure
2025-09-21,08:45,09:47,Writing,Productive
2025-09-24,15:30,16:44,Journaling,Productive
2025-09-24,17:00,17:46,Draw,Leisure
2025-09-20,11:15,11:48,Writing,Productive
2025-09-25,14:15,15:13,Journaling,Productive
2025-09-23,12:00,13:09,Meeting,Productive
2025-09-23,15:30,16:07,Gardening,Productive
2025-09-22,11:45,12:57,Walk,Leisure
2025-09-20,12:30,13:02,Learning,Productive
2025-09-24,06:45,07:57,Puzzles,Leisure
2025-09-24,17:45,18:19,Meeting,Productive
2025-09-25,11:15,11:52,Writing,Productive
2025-09-23,17:45,18:20,Walk,Leisure
2025-09-20,06:30,07:03,Puzzles,Leisure
2025-09-23,08:15,09:19,Coding,Productive
2025-09-24,20:15,21:39,Draw,Leisure
2025-09-23,11:15,11:51,Puzzles,Leisure
2025-09-23,18:30,19:54,Coding,Productive
2025-09-23,17:45,18:39,Gardening,Productive
2025-09-24,09:45,10:38,Netflix,Leisure
2025-09-24,07:45,09:09,Writing,Productive
2025-09-24,13:30,14:59,Breakfast,Leisure
2025-09-20,11:15,11:59,Coding,Productive
2025-09-20,09:45,10:31,Emails,Productive
2025-09-24,17:00,17:40,Instagram,Leisure
2025-09-22,06:45,07:19,Lunch,Leisure
